Name,District,Type,Official Website,Nearest Railway Station,Nearest Bus Stand,Nearest Metro Station,Nearest Airport,Opening/Closing Times,Entry Fee,Best Time to Visit,Accessibility,Guided Tours,Parking,Nearby Amenities,Contact,Special Notes
Araku Valley,Visakhapatnam,Hill Station / Scenic Valley / Tribal Culture / Parks / Museum,AP Tourism – Araku,Araku Railway Station (~120 km from Visakhapatnam),Araku Bus Stand (~1 km from town center),None,Visakhapatnam International Airport (~115 km),Open all day; Tribal Museum 10 AM – 6 PM (closed Mondays),"Valley free; Tribal Museum ₹40 (adults), ₹20 (children)",October – March,Hilly terrain; some spots not wheelchair accessible,"Yes (Telugu, English, Hindi)",Available near Museum & Garden areas,"Tribal Museum, coffee shops, local dhabas, gardens","Ph: 0863-2231955, Email: info@aptourism.gov.in","Famous for Araku Coffee, Tribal Museum, Padmapuram Gardens, Chaparai Waterfalls"
Borra Caves,"Ananthagiri Hills, near Araku Valley",Natural Limestone Caves / Geological Site / Religious Shrine,AP Tourism – Borra Caves,Borra Guhalu Railway Station (~2 km),Borra Caves Bus Stop (~1 km),None,Visakhapatnam Airport (~90 km),"10:00 AM – 5:00 PM, open all days","Adults ₹60, Children ₹45; Camera charges extra",October – February,"Uneven cave floors, steps; not wheelchair friendly","Available at entrance (Telugu, Hindi, English)",Available near entrance (₹20–50),"Small eateries, souvenir stalls, restrooms",Ph: 0891-2565858,Discovered by William King (1807); stalactites/stalagmites and Shiva shrine inside
Belum Caves,"Nandyal District, Rayalaseema",Natural Underground Cave System / Geological Wonder / Historical Site,AP Tourism – Belum Caves,Tadipatri Railway Station (~30 km),Belum Caves Bus Stop (~0.5 km),None,"Kadapa Airport (~60 km), Bengaluru (~300 km)","10:00 AM – 5:00 PM, open all days","Adults ₹65, Children ₹45; Camera charges extra",November – March,"Narrow passages, steps; not wheelchair friendly","Available at entrance (Telugu, Hindi, English)",Large parking area available,"AP Tourism Haritha Hotel, food stalls, restrooms",Ph: 08558-250221,Second-largest cave system in India; Buddhist relics; musical chamber
Kolleru Lake & Bird Sanctuary,West Godavari / Krishna Districts,Freshwater Lake / Bird Sanctuary / Wildlife Attraction,AP Forest Dept – Kolleru Sanctuary,Eluru Railway Station (~15 km),Eluru Bus Stand (~15 km),None,Vijayawada Airport (~65 km),"6:00 AM – 6:00 PM, open all days",₹10–₹30; boat rides extra,November – March,Boat rides needed; basic wheelchair access at entry,Eco-guides available,Available near sanctuary entrances,"Rest areas, small eateries, eco-tourism huts",Ph: +91-8812-230200,Largest freshwater lake in India; Ramsar wetland site
Gandikota,Kadapa District,Gorge / Fort / Historical Landmark,AP Tourism – Gandikota,Jammalamadugu Railway Station (~18 km),Gandikota Bus Stand (~1 km),None,"Kadapa Airport (~90 km), Bengaluru (~250 km)",Open all day,Free,October – March,Fort accessible by foot; gorge viewpoints require walking,Local guides available,Large open area for parking,"AP Tourism Haritha resort, eateries, camping","Ph: 0863-2231955, Email: info@aptourism.gov.in",Known as Grand Canyon of India; popular for camping and stargazing
Konda Reddy Fort,Kurnool City,Historical Fort / Monument,AP Tourism – Konda Reddy Fort,Kurnool City Railway Station (~2 km),Kurnool Bus Stand (~1 km),None,Orvakal Airport (~18 km),10:00 AM – 6:00 PM,₹10 approx,November – February,Steps and uneven surfaces; not wheelchair friendly,Local guides available,Available near entrance,"Local eateries, shops, restrooms",Ph: 08518-255044,Built by Vijayanagara rulers; named after Konda Reddy
Gooty Fort,Anantapur District,Hill Fort / Historical Landmark,ASI – Protected Monuments,Gooty Railway Station (~2 km),Gooty Bus Stand (~2 km),None,Bengaluru International Airport (~250 km),Sunrise – Sunset,Free,October – February,Trek up hill needed; not wheelchair accessible,Rare local guides,At base of fort,"Small shops, tea stalls",Ph: +91-8554-123456,Known as Rachakonda Fort; mix of Vijayanagara and Islamic architecture
Kanaka Durga Temple,Vijayawada,Temple / Pilgrimage Site,https://kanakadurgamma.org,Vijayawada Junction (~2 km),Pandit Nehru Bus Station (~3 km),None,Vijayawada International Airport (~22 km),4:00 AM – 10:00 PM,Free; special darshan ₹100–500,Navaratri (Sept–Oct),Wheelchair assistance available,No formal guides,Available near temple ghat road,"Lodges, hotels, vegetarian restaurants","Ph: 0866-2423600, Email: eo.kdtemple@gmail.com",One of the Shakti Peethas; on Indrakeeladri Hill
Undavalli Caves,Near Vijayawada,Rock-Cut Cave Temples / Historical Monument,AP Tourism – Undavalli Caves,Vijayawada Junction (~6 km),Vijayawada PNBS (~7 km),None,Vijayawada Airport (~25 km),9:00 AM – 6:00 PM,"Adults ₹25, Children ₹10; foreign nationals ₹300",November – February,Steps at entrance; not fully wheelchair accessible,"Available (Telugu, Hindi, English)",Available near entrance,"Food stalls, restrooms",Ph: +91-866-2434445,4th–5th century caves; monolithic Vishnu statue
Prakasam Barrage,Vijayawada,Engineering Marvel / River Barrage,Prakasam Barrage Info,Vijayawada Junction (~3 km),PNBS Vijayawada (~2 km),None,Vijayawada Airport (~22 km),Open 24/7,Free,Evening/night,Road bridge accessible by vehicles and pedestrians,Not needed,Limited roadside parking,"Restaurants, hotels, cafes",Ph: +91-866-2574455,Built across Krishna River; iconic symbol of Vijayawada
Sir Arthur Cotton Museum,Rajahmundry,Museum,AP Tourism – Sir Arthur Cotton Museum,Rajahmundry Railway Station (~3 km),APSRTC Bus Complex (~2 km),None,Rajahmundry Airport (~15 km),10:30 AM – 5:00 PM (Closed Fridays),"₹10 (adults), ₹5 (children)",October – March,Wheelchair accessible,Available (Telugu & English),Available near museum,"Restrooms, shops, food outlets",Ph: 0883-2443498,Exhibits on Godavari Barrage and irrigation works
Godavari Bridge(s),Rajahmundry,Engineering Marvel / Road-Rail Bridges,Rajahmundry Tourism Info,Rajahmundry Railway Station (~2 km),Rajahmundry APSRTC Bus Complex (~2 km),None,Rajahmundry Airport (~15 km),Open 24/7,Free,Sunset/evening,Public road/rail bridges accessible,Not applicable,Available at riverfront areas,"Riverfront parks, eateries, shopping",Railways/State PWD Dept. Rajahmundry,Three major bridges; popular for photography and boat rides
Draksharamam Temple,Near Kakinada/Rajahmundry,Hindu Temple (Pancharama Kshetram),https://draksharamam.org,Samalkot Junction (~15 km),Kakinada RTC Bus Stand (~25 km),None,Rajahmundry Airport (~65 km),"6:00 AM – 12:00 PM, 3:00 PM – 8:00 PM",Free; special darshan ₹50–100,"Maha Shivaratri festival, winter months",Limited wheelchair assistance,Priests provide explanations,Free parking nearby,"Lodges, prasadam counters, small restaurants",,Built by Eastern Chalukyas; part of Pancharama temples
Srisailam,Kurnool District,Pilgrimage (Jyotirlinga temple) + Wildlife Sanctuary,https://srisailamonline.com,"Markapur Road (~85 km), Kurnool (~180 km)",Srisailam RTC Bus Stand (~1 km),None,"Rajiv Gandhi International Airport, Hyderabad (~200 km)",4:30 AM – 10:00 PM,Free; special darshan ₹100–500,October–March,Wheelchair assistance available; steep ghat roads,Priests & local guides,Paid parking near temple,"Guesthouses, AP Tourism cottages, restaurants",,One of 12 Jyotirlingas; inside tiger reserve
Mantralayam,Kurnool District,Pilgrimage town (Raghavendra Swamy Mutt),https://srsmatha.org,Mantralayam Road (~4 km),APSRTC Bus Stand (~1 km),None,"Hyderabad (~250 km), Bellary (~100 km)",4:00 AM – 9:00 PM,Free,October–March,Wheelchair-friendly mutt premises,Priests provide guidance,Available near mutt & temple,"Guesthouses, vegetarian restaurants",,Famous for samadhi of Sri Raghavendra Swamy
Papikondalu,"Godavari River Gorge, near Rajahmundry/Bhadrachalam",Natural River Gorge / Scenic Boat Cruise,AP Tourism – Papikondalu,Rajahmundry Railway Station (~60 km to boat point),Rajahmundry RTC Bus Stand (~60 km),None,Rajahmundry Airport (~70 km),Boat cruises 9:00 AM – 5:00 PM (seasonal),"₹800–₹1,200 per person (boat package)",October–February,Limited wheelchair facilities on boats,Yes (Telugu/English),Available at boarding points,Food included on boat trips; lodges in Rajahmundry,,Breathtaking Godavari gorge; mini Amazon experience
Maredumilli,East Godavari District,"Eco-Tourism Destination (forests, waterfalls, tribal culture)",AP Tourism – Maredumilli,Rajahmundry Railway Station (~85 km),Maredumilli Bus Stand (~1 km),None,Rajahmundry Airport (~90 km),8:00 AM – 5:00 PM,₹50–₹100 for eco-tourism spots,July – December,"Roads accessible, but trails and waterfalls not wheelchair-friendly",Local tribal eco-guides available,Available at eco-tourism centers and waterfalls,"AP Tourism Haritha resort, tribal dhabas, famous bamboo chicken stalls, small shops",AP Tourism Helpline,"Known as “Ooty of Andhra”, famous for bamboo chicken"
Tirupati,Tirupati District,Pilgrimage (Tirumala Venkateswara Temple) / Spiritual / Hill Station,https://tirumala.org,Tirupati Railway Station (~2 km),Tirupati Central Bus Station (~1 km),None,Tirupati International Airport (~15 km),Temple timings vary (4 AM – 1 AM); open all day,"Free; special darshan ₹300, Seva tickets higher",September – February,Wheelchair assistance available on hill,Available from private agencies,Extensive parking on Tirumala hill,"Tons of accommodation, restaurants, shops, TTD services",Tirumala Tirupati Devasthanams (TTD) Ph: 0877-2264516,One of the most visited pilgrimage sites in the world
Talakona Waterfalls,Tirupati District,Waterfalls / Nature / Religious Site,AP Forest Dept,Tirupati Railway Station (~50 km),Talakona Bus Stop (~1 km),None,Tirupati Airport (~65 km),6:00 AM – 5:00 PM,₹10–₹20 per person,September – January,"Uneven terrain, steps; not wheelchair accessible",Local guides available,Available near entrance,"Restrooms, small tea stalls, temple",Ph: +91-877-2244400,Highest waterfall in Andhra Pradesh; located in Sri Venkateswara National Park
Pulicat Lake,Nellore District,Brackish Water Lake / Bird Sanctuary,AP Forest Dept – Pulicat Lake,Sullurpeta Railway Station (~15 km),Sullurpeta Bus Stand (~15 km),None,Chennai International Airport (~80 km),6:00 AM – 6:00 PM (seasonal),Free; boat rides extra,October – March (migratory birds),Boats are main mode of transport; not wheelchair-friendly,Local boatmen act as guides,Available at fishing villages,"Basic food stalls, small guest houses",AP Forest Dept,Second largest brackish water lagoon in India; famous for flamingos
Horseley Hills,Annamayya District (formerly Chittoor),Hill Station / Scenic Viewpoint,AP Tourism – Horseley Hills,Madanapalle Road Railway Station (~28 km),Madanapalle Bus Stand (~25 km),None,"Tirupati Airport (~150 km), Bengaluru Airport (~165 km)",Open all day,Free (some attractions may charge),December – March,Accessible by car; some viewpoints require walking,Local guides available,Available at viewpoints and resorts,"AP Tourism Haritha Hotel, restaurants, tourist attractions",AP Tourism Ph: 0863-2231955,A quaint hill station; known for its pleasant weather
Lambasingi,Visakhapatnam District,Hill Station / Nature / Scenic Village,AP Tourism – Lambasingi,Chintapalle Railway Station (~20 km),Lambasingi Bus Stand (~1 km),None,Visakhapatnam Airport (~100 km),Open all day,Free,November – February (for cold weather/mist),Hilly roads; not suitable for wheelchair-bound travelers,Local guides for trekking,Limited parking available,"Homestays, small eateries, coffee plantations",AP Tourism Helpline,Called 'Kashmir of Andhra Pradesh' due to its occasional sub-zero temperatures
Kambalakonda Wildlife Sanctuary,Visakhapatnam District,Wildlife Sanctuary / Eco-Park,AP Forest Dept,Visakhapatnam Railway Station (~10 km),Visakhapatnam RTC Complex (~10 km),None,Visakhapatnam Airport (~15 km),9:00 AM – 4:30 PM (closed Mondays),"₹20 (adults), ₹10 (children)",October – March,Walking trails; not wheelchair-friendly,Eco-guides available,Available at entrance,"Restrooms, canteen, watchtowers",Ph: +91-891-2746162,Located near Visakhapatnam; a good day trip for nature lovers
Thotlakonda & Bavikonda,Visakhapatnam District,Buddhist Sites / Historical Ruins,AP Tourism,Visakhapatnam Railway Station (~15 km),Visakhapatnam RTC Complex (~15 km),None,Visakhapatnam Airport (~10 km),8:00 AM – 6:00 PM,Free,October – March,Relatively accessible; some walking on uneven ground,Available from local guides,Available on site,"Restrooms, small shops",AP Tourism Helpline,Ancient Buddhist sites overlooking the Bay of Bengal
Rampa Waterfalls,East Godavari District,Waterfalls / Nature,AP Tourism,Rajahmundry Railway Station (~70 km),Maredumilli Bus Stand (~35 km),None,Rajahmundry Airport (~80 km),7:00 AM – 6:00 PM,₹10–₹20 per person,September – November (post-monsoon),Requires a short trek; not wheelchair-friendly,Local guides available,Available near the trail head,Basic food stalls,AP Tourism Helpline,A beautiful waterfall in a secluded location; less crowded
Kondapalli Fort,Vijayawada,Historical Fort / Handicrafts,AP Tourism – Kondapalli Fort,Kondapalli Railway Station (~3 km),Kondapalli Bus Stand (~2 km),None,Vijayawada Airport (~25 km),10:00 AM – 5:00 PM (closed Fridays),"₹10 (adults), ₹5 (children)",October – March,Steps and uneven terrain; not wheelchair-friendly,Local guides available,Available at the base of the fort,"Kondapalli toy shops, small eateries",AP Tourism Helpline,Famous for Kondapalli toys made from lightwood
Ethipothala Waterfalls,Palnadu District,Waterfalls / Nature,AP Tourism,Macherla Railway Station (~11 km),Macherla Bus Stand (~11 km),None,Vijayawada Airport (~160 km),8:00 AM – 6:00 PM,₹20 (adults),July – January (monsoon and post-monsoon),"Viewpoint is accessible, but to go to the base is difficult",Not applicable,Available near the viewpoint,"Crocodile breeding center, small eateries",AP Tourism Helpline,A stunning 70-foot waterfall formed by the Chandravanka River
