Name of Place,Type,Official Website,Wikipedia,Nearest Railway Station,Nearest Bus Stand,Nearest Airport,Timings,Entry Fee,Best Time to Visit,Accessibility,Guided Tours,Parking,Nearby Amenities,Special Notes
"Dal Lake, Srinagar (Jammu & Kashmir)",Lake / Natural Attraction,Not documented,Dal Lake - Wikipedia,Srinagar Railway Station (approx. 12 km),Srinagar Bus Stand (approx. 7 km),"Sheikh Ul-Alam International Airport, Srinagar (approx. 20 km)",Open 24 hours (houseboats & shikara rides usually 6:00 AM – 7:00 PM),Free (Shikara rides ₹400–800 approx.; Houseboats vary),May–October (summer flowers); December–February (frozen lake experience),Good roads; wheelchair accessible at some ghats; boat rides may not be accessible,"Available (shikara owners, tour operators, English/Hindi/Urdu speaking guides)",Available near ghats; charges ₹20–₹50 approx.,"Houseboats, hotels, restaurants, cafés, markets, restrooms","Famous for floating gardens, lotus flowers, Mughal-era houseboats; key hub of Srinagar tourism."
"Gulmarg, Baramulla District (Jammu & Kashmir)",Hill Station / Ski Resort,Gulmarg Gondola Official Site,Gulmarg - Wikipedia,Sopore Railway Station (approx. 55 km),Gulmarg Bus Stand (approx. 1 km),"Sheikh Ul-Alam International Airport, Srinagar (approx. 50 km)",Open all year; Gondola timings 10:00 AM – 5:00 PM,"Entry free; Gondola ride Phase 1 ₹740, Phase 2 ₹950 approx.",December–March (skiing & snow); April–June (green meadows & flowers),"Road accessible; wheelchair assistance possible in hotels, not on slopes",Skiing & trekking guides available in multiple languages,Public & hotel parking available; charges ₹50–₹100 approx.,"Ski rentals, resorts, cafes, ATMs, restrooms","Known as ""Meadow of Flowers"", one of the world’s highest golf courses, Gondola to Apharwat peak."
"Vaishno Devi Temple, Katra (Reasi District, Jammu & Kashmir)",Hindu Pilgrimage Site,Mata Vaishno Devi Shrine Board,Vaishno Devi - Wikipedia,Shri Mata Vaishno Devi Katra Railway Station (approx. 2 km to base camp),Katra Bus Stand (approx. 1 km),Jammu Airport (approx. 50 km),"Open 24 hours, year-round",Free (helicopter ride ₹1730 per person approx. one way),March–October (pleasant weather); Navratri festivals are peak season,"13 km trek; ponies, palanquins, battery cars, helicopter service available; not fully wheelchair-friendly",Shrine Board provides assistance; local guides available,Large parking near base camp; free & paid options,"Hotels, dharamshalas, food courts, medical aid, restrooms","One of India’s most visited shrines, dedicated to Goddess Durga; spiritual & trekking destination."
"Sonamarg, Ganderbal District (Jammu & Kashmir)",Hill Station / Natural Valley,Not documented,Sonamarg - Wikipedia,Srinagar Railway Station (approx. 80 km),Sonamarg Bus Stand (approx. 1 km),"Sheikh Ul-Alam International Airport, Srinagar (approx. 100 km)",Open all year (best in summer & snow season),"Free (activities like pony rides, rafting extra)",May–October (green meadows); December–March (snow & skiing),Road accessible; snow may block access in peak winter; not fully wheelchair-friendly,"Available for trekking, fishing, river rafting",Roadside parking available; charges ₹30–₹50 approx.,"Resorts, guest houses, local eateries, tea stalls","Known as ""Meadow of Gold"", starting point for Amarnath Yatra & popular trekking routes."
"Pahalgam, Anantnag District (Jammu & Kashmir)",Hill Station / Valley,Not documented,Pahalgam - Wikipedia,Anantnag Railway Station (approx. 45 km),Pahalgam Bus Stand (approx. 1 km),"Sheikh Ul-Alam International Airport, Srinagar (approx. 90 km)",Open all year,"Free (activities like river rafting, horse riding chargeable)",April–October (lush valleys); December–February (snow activities),Road accessible; trekking trails; not fully wheelchair-friendly,Local trekking & fishing guides available,Paid parking available; ₹50–₹100 approx.,"Resorts, hotels, restaurants, camping gear shops","Gateway to Amarnath Yatra; Lidder River, Betaab Valley, and Aru Valley nearby."
"Amarnath Cave Temple, Anantnag District (Jammu & Kashmir)",Hindu Pilgrimage Site / Cave Temple,Shri Amarnath Shrine Board,Amarnath Temple - Wikipedia,Anantnag Railway Station (approx. 70 km to base camp),Pahalgam Bus Stand (approx. 45 km to base camp),"Sheikh Ul-Alam International Airport, Srinagar (approx. 90 km)",Open only during annual Yatra (July–August),Free (registration required),July–August (during Yatra season),"46 km trek (Pahalgam route) or 14 km trek (Baltal route); ponies, palkis, helicopters available; not wheelchair accessible",Shrine Board arranges facilities; local guides available,Available at base camps (Baltal & Pahalgam); charges not documented,"Langars (community kitchens), tents, medical camps, shops during Yatra",Famous for naturally forming ice Shiva Lingam; highly sacred pilgrimage.
"Shankaracharya Temple, Srinagar (Jammu & Kashmir)",Hindu Temple / Heritage Site,Not documented,Shankaracharya Temple - Wikipedia,Srinagar Railway Station (approx. 10 km),Srinagar Bus Stand (approx. 7 km),"Sheikh Ul-Alam International Airport, Srinagar (approx. 20 km)",7:00 AM – 8:00 PM (daily),Free,"March–October (pleasant weather, snow-free approach)",243 steps climb; not wheelchair accessible,Local guides available,At temple base; free parking,"Tea stalls, small shops, restrooms at base",Located on Shankaracharya Hill overlooking Dal Lake; dedicated to Lord Shiva; historical and spiritual site.
"Nishat Bagh (Mughal Garden), Srinagar (Jammu & Kashmir)",Mughal Garden / Heritage Site,Not documented,Nishat Bagh - Wikipedia,Srinagar Railway Station (approx. 15 km),Srinagar Bus Stand (approx. 8 km),"Sheikh Ul-Alam International Airport, Srinagar (approx. 22 km)",9:00 AM – 7:00 PM (summer); 9:00 AM – 5:00 PM (winter),"₹24 per person (Indians), ₹300 (foreigners approx.)",April–October (bloom season),Wheelchair accessible on main paths,Local guides available in gardens,Available outside garden; ₹20–₹50 approx.,"Tea stalls, local shops, hotels, restrooms","Built by Mughal governor Asif Khan in 1633; known as ""Garden of Bliss""; second largest Mughal Garden in Kashmir."
"Leh Palace, Leh (Ladakh, Jammu & Kashmir UT)",Historical Monument / Heritage Palace,Not documented,Leh Palace - Wikipedia,Jammu Tawi Railway Station (approx. 700 km; no direct railway in Leh),Leh Bus Stand (approx. 2 km),"Kushok Bakula Rimpochee Airport, Leh (approx. 3 km)",7:00 AM – 4:00 PM,"₹20 (Indians), ₹100 (foreigners)","May–September (summer, accessible roads)",Road accessible; steep climb; not wheelchair friendly,Guides available; Archaeological Survey of India maintains site,Limited parking nearby; charges not documented,"Hotels, cafes, shops, monasteries",17th-century palace built by King Sengge Namgyal; resembles Potala Palace (Lhasa).
"Pangong Lake, Leh District (Ladakh, Jammu & Kashmir UT)",High-Altitude Lake / Natural Attraction,Not documented,Pangong Tso - Wikipedia,Jammu Tawi Railway Station (approx. 730 km; no direct rail),Leh Bus Stand (approx. 160 km),"Kushok Bakula Rimpochee Airport, Leh (approx. 170 km)",Open 24 hours (best visited daytime),Inner Line Permit required (~₹400 per person + ₹20 environment fee),"May–September (snow-free roads, pleasant weather)",Accessible via Leh–Manali Highway or Leh–Chang La Pass; roads challenging in winter; not wheelchair-friendly,Available from Leh tour operators,Available near lake camps; charges vary,"Camps, tented stays, small eateries","Famous for turquoise waters, Bollywood film 3 Idiots; stretches from India to China."
"Betaab Valley, Pahalgam (Anantnag District, Jammu & Kashmir)",Valley / Natural Attraction,Not documented,Betaab Valley - Wikipedia,Anantnag Railway Station (approx. 45 km),Pahalgam Bus Stand (approx. 7 km),"Sheikh Ul-Alam International Airport, Srinagar (approx. 95 km)",8:00 AM – 8:00 PM,₹100 per person approx.,"April–October (green meadows, river views)",Road accessible; not fully wheelchair-friendly,Local guides available for trekking & sightseeing,Available near valley entrance; ₹50 approx.,"Small eateries, tea stalls, photography points","Named after Bollywood movie Betaab (1983); scenic valley with Lidder River, pine forests."
"Aru Valley, Pahalgam (Anantnag District, Jammu & Kashmir)",Valley / Trekking Destination,Not documented,Aru Valley - Wikipedia,Anantnag Railway Station (approx. 48 km),Pahalgam Bus Stand (approx. 12 km),"Sheikh Ul-Alam International Airport, Srinagar (approx. 100 km)",Open all year,Free,"May–September (trekking, green valleys); December–February (snow activities)",Road accessible; trekking required for interior routes; not wheelchair-friendly,Trekking guides available,Available at entrance; charges not documented,"Guest houses, tea stalls, camping areas",Base camp for Kolahoi Glacier & Tarsar-Marsar treks; less crowded alternative to Pahalgam.
"Shalimar Bagh (Mughal Garden), Srinagar (Jammu & Kashmir)",Mughal Garden / Heritage Site,Not documented,"Shalimar Bagh, Srinagar - Wikipedia",Srinagar Railway Station (approx. 15 km),Srinagar Bus Stand (approx. 10 km),"Sheikh Ul-Alam International Airport, Srinagar (approx. 25 km)",9:00 AM – 7:00 PM (summer); 9:00 AM – 5:00 PM (winter),"₹24 (Indians), ₹300 (foreigners approx.)",April–October (flower bloom season),Wheelchair accessible on main pathways,Local guides available,Available outside; ₹20–₹50 approx.,"Tea stalls, local food shops, restrooms","Built by Mughal Emperor Jahangir in 1619; known as ""Abode of Love""; part of UNESCO tentative list of Mughal Gardens."
"Dachigam National Park, Srinagar (Jammu & Kashmir)",Wildlife Sanctuary / National Park,Not documented,Dachigam National Park - Wikipedia,Srinagar Railway Station (approx. 22 km),Srinagar Bus Stand (approx. 15 km),"Sheikh Ul-Alam International Airport, Srinagar (approx. 35 km)",9:00 AM – 5:00 PM,"₹25 (Indians), ₹300 (foreigners) approx.","April–October (pleasant weather, wildlife spotting)",Road accessible; trekking paths inside; not fully wheelchair-friendly,Forest guides available for safaris and trekking,Available at entry; ₹30 approx.,"Eco-huts, tea stalls, guest houses nearby","Known for Hangul (Kashmir stag), Himalayan black bear, and diverse bird species."
"Kargil War Memorial, Dras (Kargil District, Ladakh UT)",War Memorial / Heritage Site,Not documented,Kargil War Memorial - Wikipedia,Jammu Tawi Railway Station (approx. 450 km),Kargil Bus Stand (approx. 60 km),"Kushok Bakula Rimpochee Airport, Leh (approx. 160 km)",7:00 AM – 7:00 PM (daily),Free (ID required for entry),"May–September (roads open, pleasant weather)",Road accessible via Srinagar–Leh Highway; wheelchair accessible at main memorial site,Army personnel provide guided explanations,Large free parking available,"Tea stalls, small restaurants, army canteen nearby","Built in memory of soldiers who sacrificed their lives in 1999 Kargil War; houses gallery, Amar Jawan Jyoti, and war artifacts."
"Hemis Monastery, Leh District (Ladakh, Jammu & Kashmir UT)",Buddhist Monastery / Heritage Site,Not documented,Hemis Monastery - Wikipedia,Jammu Tawi Railway Station (approx. 700 km; no direct railway),Leh Bus Stand (approx. 45 km),"Kushok Bakula Rimpochee Airport, Leh (approx. 47 km)",6:00 AM – 8:00 PM,₹50 approx.,June–July (Hemis Festival with mask dances & rituals),Road accessible; monastery steps not wheelchair-friendly,Monks & local guides available,Available near monastery; free/nominal charges,"Guesthouses, tea stalls, souvenir shops","One of the largest & richest monasteries in Ladakh; houses ancient thangkas, Buddha statues, and scriptures."
"Zanskar Valley, Kargil District (Ladakh, Jammu & Kashmir UT)",Valley / Trekking & Adventure Destination,Not documented,Zanskar - Wikipedia,Jammu Tawi Railway Station (approx. 720 km),Padum Bus Stand (within valley),"Kushok Bakula Rimpochee Airport, Leh (approx. 460 km)","Open all year (roads blocked in heavy snow, Nov–May)",Free,June–September (trekking); January–February (Chadar trek on frozen river),Remote valley; challenging roads; not wheelchair-friendly,Trekking & adventure tour operators available,Available in local villages; not organized,"Homestays, monasteries, camping sites",Famous for Chadar Trek on frozen Zanskar River; monasteries like Karsha & Phugtal nearby.
"Martand Sun Temple, Anantnag District (Jammu & Kashmir)",Archaeological Site / Hindu Temple Ruins,Not documented,Martand Sun Temple - Wikipedia,Anantnag Railway Station (approx. 8 km),Anantnag Bus Stand (approx. 6 km),"Sheikh Ul-Alam International Airport, Srinagar (approx. 60 km)",9:00 AM – 7:00 PM,Free,March–October (pleasant weather),Road accessible; uneven ruins not wheelchair-friendly,Available; Archaeological Survey of India maintains site,Available near site; charges not documented,"Local shops, eateries, restrooms nearby",Built by King Lalitaditya in the 8th century; dedicated to Sun God; one of the most important ancient Hindu temples in Kashmir.
"Patnitop, Udhampur District (Jammu & Kashmir)",Hill Station / Adventure Destination,Not documented,Patnitop - Wikipedia,Udhampur Railway Station (approx. 47 km),Patnitop Bus Stand (approx. 1 km),Jammu Airport (approx. 112 km),Open all year,"Free (activities like paragliding, cable car, etc. extra)",May–October (green meadows); December–February (snow activities),Road accessible; moderate hill roads; not fully wheelchair-friendly,Adventure operators available,Roadside & hotel parking available; charges ₹50 approx.,"Resorts, dhabas, cafes, ATMs, restrooms","Known for snow sports, paragliding, and Nathatop viewpoint; part of Jammu region hill stations."
"Kupwara Meadows (Bangus Valley), Kupwara District (Jammu & Kashmir)",Meadow / Offbeat Eco-Tourism Destination,Not documented,Bangus Valley - Wikipedia,Sopore Railway Station (approx. 65 km),Kupwara Bus Stand (approx. 15 km),"Sheikh Ul-Alam International Airport, Srinagar (approx. 100 km)",Open all year,Free,May–September (lush green meadows & wildflowers),Remote area; road accessible but limited public transport; not wheelchair-friendly,Local eco-guides available,Available near entry villages; charges not documented,"Limited guest houses, tea stalls, army camps nearby","Known as one of Kashmir’s untouched valleys; famous for meadows, pine forests, and streams."
