Name,Region,State,Type,Official Website,Wikipedia,Nearest Railway Station,Nearest Bus Stand,Nearest Metro Station,Nearest Airport,Timings,Entry Fee,Best Time to Visit,Accessibility,Guided Tours,Parking,Nearby Amenities,Special Notes
Khajuraho Temple Complex,Chhatarpur,Madhya Pradesh,Historical Monument / World Heritage Site,https://www.mptourism.com/web/guest/khajuraho,https://en.wikipedia.org/wiki/Khajuraho,Khajuraho Railway Station (5 km),Khajuraho Bus Stand (3 km),No metro available,Khajuraho Airport (5 km),6:00 AM - 6:00 PM (daily),"₹40 (Indian), ₹600 (Foreign), Light & Sound Show ₹310 (Indian), ₹510 (Foreign)",October to March (pleasant weather),"Well-maintained roads, wheelchair accessible, no trekking required","Available in Hindi, English; ₹500-1000 per guide",Available; ₹20 for cars,"Hotels, restaurants, souvenir shops, public restrooms","UNESCO World Heritage Site famous for erotic sculptures, annual Khajuraho Dance Festival in February"
Kanha National Park,Mandla,Madhya Pradesh,Wildlife Sanctuary / Tiger Reserve,https://www.kanhanationalpark.com,https://en.wikipedia.org/wiki/Kanha_National_Park,Jabalpur Railway Station (165 km),Kanha Bus Stand (1 km from main gate),No metro available,Jabalpur Airport (165 km),"October 1 - June 30; Morning Safari: 6:00 AM - 11:00 AM, Evening Safari: 3:00 PM - 6:00 PM","₹1,800 (Indian), ₹4,340 (Foreign) including jeep safari","November to April (dry season, better wildlife sighting)","4WD required inside park, guided safaris only",Mandatory forest guides provided,Available at entry gates; free,"Forest lodges, resorts, canteens","Famous for tigers, barasingha (swamp deer), inspiration for ""The Jungle Book"""
Bandhavgarh National Park,Umaria,Madhya Pradesh,Wildlife Sanctuary / Tiger Reserve,https://www.bandhavgarhnationalpark.com,https://en.wikipedia.org/wiki/Bandhavgarh_National_Park,Umaria Railway Station (35 km),Tala Village (2 km from main gate),No metro available,Jabalpur Airport (197 km),"October 1 - June 30; Morning Safari: 6:00 AM - 11:00 AM, Evening Safari: 2:30 PM - 5:30 PM","₹1,800 (Indian), ₹4,340 (Foreign) including jeep safari",October to April (dry season),4WD jeeps only inside park,Mandatory naturalist guides provided,Available at gates; free,"Jungle lodges, local restaurants","Highest density of tigers in India, ancient Bandhavgarh Fort inside park"
Pachmarhi Hill Station,Hoshangabad,Madhya Pradesh,Hill Station / Biosphere Reserve,https://www.mptourism.com/web/guest/pachmarhi,https://en.wikipedia.org/wiki/Pachmarhi,Pipariya Railway Station (47 km),Pachmarhi Bus Stand (city center),No metro available,Bhopal Airport (195 km),Open 24 hours (individual attractions have specific timings),Free entry to town; individual attractions ₹10-30,October to June (avoid monsoons for trekking),"Ghat section requires careful driving, some viewpoints need trekking",Available; ₹300-500 per day,Available at main attractions; ₹10-20,"Hotels, restaurants, medical facilities","Only hill station in MP, Bee Falls, Jata Shankar Cave, British-era architecture"
Mahakaleshwar Temple,Ujjain,Madhya Pradesh,Temple / Jyotirlinga,https://shrimahakaleshwar.com,https://en.wikipedia.org/wiki/Mahakaleshwar_Jyotirlinga,Ujjain Junction (2 km),Ujjain Bus Stand (3 km),No metro available,"Devi Ahilyabai Holkar Airport, Indore (55 km)",3:00 AM - 11:00 PM (Bhasma Aarti: 4:00 AM - 6:00 AM),Free; Bhasma Aarti ₹500-2000 depending on category,"October to March (pleasant weather), Mahashivratri for special celebrations","Well-connected by road, wheelchair accessible main areas",Local guides available; ₹200-500,Available; ₹20 for cars,"Dharamshalas, restaurants, shops","One of 12 Jyotirlingas, famous Bhasma Aarti, Kumbh Mela venue"
Gwalior Fort,Gwalior,Madhya Pradesh,Historical Monument / Fort,https://www.mptourism.com/web/guest/gwalior,https://en.wikipedia.org/wiki/Gwalior_Fort,Gwalior Junction (3 km),Gwalior Bus Stand (4 km),No metro available,Rajmata Vijaya Raje Scindia Airport (8 km),6:00 AM - 5:30 PM (daily),"₹75 (Indian), ₹250 (Foreign) for palace museums",October to March (pleasant weather),"Some steep paths, cable car available, partially wheelchair accessible",Available; ₹300-600,Available at base; ₹20,"Restaurants, shops, guesthouses","""Gibraltar of India,"" Sound & Light Show, Tansen Tomb nearby"
Sanchi Stupa,Raisen,Madhya Pradesh,Historical Monument / Buddhist Site / World Heritage Site,https://www.mptourism.com/web/guest/sanchi,https://en.wikipedia.org/wiki/Sanchi,Bhopal Junction (46 km),Sanchi Village (2 km),No metro available,Bhopal Airport (55 km),Sunrise to Sunset (approximately 6:00 AM - 6:00 PM),"₹30 (Indian), ₹500 (Foreign)",October to March (cool weather),"Well-maintained paths, wheelchair accessible",ASI guides available; ₹200-400,Available; ₹10,"Museum, cafeteria, rest house","UNESCO World Heritage Site, 3rd century BCE Buddhist monument, national emblem of India"
Bhimbetka Rock Shelters,Raisen,Madhya Pradesh,Archaeological Site / World Heritage Site,https://www.mptourism.com/web/guest/bhimbetka,https://en.wikipedia.org/wiki/Bhimbetka_rock_shelters,Bhopal Junction (45 km),Obedullaganj (28 km),No metro available,Bhopal Airport (50 km),7:00 AM - 6:00 PM (daily),"₹25 (Indian), ₹300 (Foreign)",October to March (pleasant weather),"Moderate trekking required, not wheelchair accessible",ASI guides recommended; ₹300-500,Available; ₹10,"Basic facilities, interpretation center","UNESCO World Heritage Site, prehistoric rock paintings 30,000+ years old"
Omkareshwar,Khandwa,Madhya Pradesh,Temple / Jyotirlinga / Island,https://www.mptourism.com/web/guest/omkareshwar,https://en.wikipedia.org/wiki/Omkareshwar,Omkareshwar Road (12 km),Omkareshwar Bus Stand (1 km),No metro available,"Devi Ahilyabai Holkar Airport, Indore (77 km)",5:00 AM - 10:00 PM,Free,October to March (pleasant weather),"Boat/bridge access to island, stairs to temple",Local guides available; ₹200-400,Available on mainland; ₹20,"Dharamshalas, restaurants, boat services","One of 12 Jyotirlingas, Om-shaped island in Narmada River"
Indore City,Indore,Madhya Pradesh,Urban Tourism / Commercial Hub,https://www.mptourism.com/web/guest/indore,https://en.wikipedia.org/wiki/Indore,Indore Junction (city center),Gangwal Bus Stand (city center),No metro available,Devi Ahilyabai Holkar Airport (8 km),"Various (markets, attractions have different timings)",Varies by attraction,October to March (pleasant weather),"Well-connected roads, modern infrastructure",City tours available; ₹500-1000,Available throughout city; ₹10-30,"Hotels, malls, restaurants, hospitals","Cleanest city in India, food capital of MP, Rajwada Palace, Sarafa Bazaar"
Bhopal - City of Lakes,Bhopal,Madhya Pradesh,Urban Tourism / Lakes / Museums,https://www.mptourism.com/web/guest/bhopal,https://en.wikipedia.org/wiki/Bhopal,Bhopal Junction (city center),Nadra Bus Stand (city center),No metro available,Bhopal Airport (15 km),Various by attraction,Varies; museums ₹20-50,October to March (pleasant weather),"Well-connected, modern infrastructure",Available; ₹400-800 per day,Available throughout; ₹20-50,"Hotels, restaurants, museums, malls","State capital, Upper & Lower Lake, Taj-ul-Masajid, State Museum"
Mandu (Mandav),Dhar,Madhya Pradesh,Historical Monument / Ruined City,https://www.mptourism.com/web/guest/mandu,"https://en.wikipedia.org/wiki/Mandu,_Madhya_Pradesh",Ratlam Junction (123 km),Mandu Bus Stand (2 km),No metro available,"Devi Ahilyabai Holkar Airport, Indore (95 km)",Sunrise to Sunset,"₹25 (Indian), ₹300 (Foreign) for ASI monuments","October to March, especially post-monsoon for greenery","Well-maintained roads, some walking required",Available; ₹400-600,Available at main sites; ₹20,"Tourist lodge, restaurants, local shops","City of Joy, Jahaz Mahal, Rani Roopmati Pavilion, love story of Baz Bahadur"
Jabalpur - Marble Rocks & Dhuandhar Falls,Jabalpur,Madhya Pradesh,Natural Wonder / Waterfalls,https://www.mptourism.com/web/guest/jabalpur,https://en.wikipedia.org/wiki/Dhuandhar_Falls,Jabalpur Junction (20 km to Bhedaghat),Jabalpur Bus Stand (22 km to Bhedaghat),No metro available,Jabalpur Airport (25 km),8:00 AM - 6:00 PM (boat rides till 5:30 PM),"Boat ride ₹150-300 per person, cable car ₹100",October to April (good water flow and pleasant weather),"Boat ride required, stairs to viewpoints",Boat operators provide commentary; ₹50-100 extra,Available; ₹20,"Restaurants, souvenir shops, hotels","Marble rocks gorge, 98-feet waterfall, Chausath Yogini Temple nearby"
Pench National Park,Seoni,Madhya Pradesh,Wildlife Sanctuary / Tiger Reserve,https://www.pench.org,https://en.wikipedia.org/wiki/Pench_National_Park,Nagpur Junction (92 km),Turia Gate (5 km),No metro available,Nagpur Airport (95 km),"October 15 - June 30; Morning: 6:00 AM - 10:30 AM, Evening: 2:30 PM - 6:00 PM","₹1,600 (Indian), ₹3,900 (Foreign) including vehicle",November to May (dry season),Safari vehicles only inside park,Forest guides mandatory,Available at gates; free,"Forest lodges, resorts","Mowgli land, inspiration for ""The Jungle Book,"" good tiger population"
Chitrakoot,Satna,Madhya Pradesh,Religious Site / Pilgrimage,https://www.mptourism.com/web/guest/chitrakoot,https://en.wikipedia.org/wiki/Chitrakoot,Chitrakoot Dham (8 km),Chitrakoot Bus Stand (2 km),No metro available,Khajuraho Airport (175 km),5:00 AM - 8:00 PM (temples),Free (donations accepted),October to March (pleasant weather),Some sites require walking/climbing,Local guides available; ₹300-500,Available at major sites; ₹10-20,"Dharamshalas, restaurants, ashrams","Where Lord Rama spent exile years, Ramghat, Kamadgiri Parikrama"
Orchha,Tikamgarh,Madhya Pradesh,Historical Monument / Heritage Town,https://www.mptourism.com/web/guest/orchha,https://en.wikipedia.org/wiki/Orchha,Jhansi Junction (16 km),Orchha Bus Stand (1 km),No metro available,Gwalior Airport (120 km),Sunrise to Sunset (most monuments),"₹250 for palace complex (Indian), ₹300 (Foreign)",October to March (pleasant weather),"Well-maintained paths, some stairs",Available; ₹400-700,Available; ₹20,"Heritage hotels, restaurants, craft shops","Medieval architecture, Betwa River, Jehangir Mahal, Ram Raja Temple"
Maheshwar,Khargone,Madhya Pradesh,Historical Town / Handloom Center,https://www.mptourism.com/web/guest/maheshwar,https://en.wikipedia.org/wiki/Maheshwar,Barwaha Railway Station (39 km),Maheshwar Bus Stand (1 km),No metro available,"Devi Ahilyabai Holkar Airport, Indore (91 km)",6:00 AM - 7:00 PM (fort and temples),"Fort ₹25, Temple free",October to March (pleasant weather),"Stairs to fort, ghats accessible",Local guides available; ₹300-500,Available; ₹15,"Guesthouses, restaurants, handloom shops","Maheshwari sarees, Ahilya Fort, Narmada ghats, Queen Ahilyabai's capital"
Shivpuri National Park,Shivpuri,Madhya Pradesh,Wildlife Sanctuary / Former Hunting Ground,Not documented,https://en.wikipedia.org/wiki/Madhav_National_Park,Shivpuri Railway Station (12 km),Shivpuri Bus Stand (10 km),No metro available,Gwalior Airport (115 km),7:00 AM - 6:00 PM (October to June),"₹50 (Indian), ₹300 (Foreign)",November to April (dry season),"Safari roads available, some walking trails",Forest guides available; ₹300-500,Available at entry; ₹20,"Forest lodges, local hotels","Former Scindia hunting grounds, Sakhya Sagar Lake, George Castle"
Bhojpur Temple,Raisen,Madhya Pradesh,Temple / Archaeological Site,https://www.mptourism.com/web/guest/bhojpur,https://en.wikipedia.org/wiki/Bhojeshwar_Temple,Bhopal Junction (28 km),Bhojpur Village (2 km),No metro available,Bhopal Airport (32 km),Sunrise to Sunset,Free,October to March (pleasant weather),"Some stairs, partially accessible",Local guides available; ₹200-400,Available; ₹10,"Local shops, small restaurants","Incomplete 11th-century Shiva temple, largest Shiva Linga in India"
Amarkantak,Anuppur,Madhya Pradesh,Pilgrimage Site / Hill Station,https://www.mptourism.com/web/guest/amarkantak,https://en.wikipedia.org/wiki/Amarkantak,Pendra Road (42 km),Amarkantak Bus Stand (city center),No metro available,Jabalpur Airport (228 km),Temples: 5:00 AM - 10:00 PM,"Free (temples), ₹20 for Kabir Chabutra",October to April (pleasant weather),"Hill station, some steep paths",Available; ₹400-600,Available; ₹15,"Dharamshalas, restaurants, souvenir shops","Origin of Narmada & Son rivers, Biosphere reserve, medicinal plants"
Patalpani Waterfall,Indore,Madhya Pradesh,Waterfall / Natural Wonder,Not documented,Not documented,Indore Junction (35 km),"Indore (35 km), local buses to Mhow",No metro available,"Devi Ahilyabai Holkar Airport, Indore (45 km)",24 hours (best during daylight),Free,July to October (monsoon and post-monsoon),"300m trek from road, moderate difficulty",Local guides available; ₹200-300,Limited roadside parking; free,"Small tea stalls, basic facilities","300-feet waterfall, popular monsoon destination, swimming possible in natural pool"
Dhar Town & Fort,Dhar,Madhya Pradesh,Historical Monument / Fort,https://www.mptourism.com/web/guest/dhar,https://en.wikipedia.org/wiki/Dhar,Indore Junction (63 km),Dhar Bus Stand (2 km),No metro available,"Devi Ahilyabai Holkar Airport, Indore (65 km)","Fort: Sunrise to Sunset, Mosque: 5:00 AM - 8:00 PM",Free,October to March (pleasant weather),"Well-connected roads, some stairs in fort",Local guides available; ₹300-500,Available; ₹10,"Local hotels, restaurants, shops","Medieval capital, Lat Masjid (Iron Pillar Mosque), Bhoj Shala ruins"
Hanuwantiya Island,Khandwa,Madhya Pradesh,Water Sports / Adventure Tourism,https://hanuwantiya.com,Not documented,Khandwa Junction (54 km),Hanuwantiya (5 km from camp),No metro available,"Devi Ahilyabai Holkar Airport, Indore (154 km)",24 hours (activities 7:00 AM - 7:00 PM),"Day visit ₹100, Activities ₹500-3000 each","October to March (cool weather, Jal Mahotsav in December)","Island accessible by boat, well-developed infrastructure",Activity instructors provided,Available on mainland; ₹20,"Tent accommodations, restaurants, medical facilities","Water sports hub, annual Jal Mahotsav festival, luxury tented accommodation"
Bhedaghat,Jabalpur,Madhya Pradesh,Natural Wonder / Geological Site,https://www.mptourism.com/web/guest/jabalpur,https://en.wikipedia.org/wiki/Bhedaghat,Jabalpur Junction (20 km),Jabalpur Bus Stand (22 km),No metro available,Jabalpur Airport (25 km),"8:00 AM - 6:00 PM (boat rides), cable car 9:00 AM - 5:30 PM","Boat ride ₹150-300, Cable car ₹100, Chausath Yogini Temple free",October to April (good water flow),"Boat rides, cable car, steps to temples",Boat operators provide commentary; ₹100 extra,Available; ₹20,"Restaurants, hotels, souvenir shops","Marble rocks, moonlight boat rides, ancient Chausath Yogini Temple"
Tamiya (Pachmarhi Hills),Chhindwara,Madhya Pradesh,Hill Station / Eco-Tourism,Not documented,Not documented,Chhindwara Junction (78 km),Tamiya Bus Stand (city center),No metro available,Nagpur Airport (154 km),24 hours (viewpoints best at sunrise/sunset),Free,October to May (pleasant weather),"Mountain roads, some trekking for viewpoints",Local guides available; ₹300-500,Available at viewpoints; free,"Budget hotels, local restaurants, tea stalls","Offbeat hill station, coffee plantations, tribal culture, sunset points"
Panna National Park & Diamond Mines,Panna,Madhya Pradesh,Wildlife Sanctuary / Diamond Mining Heritage,https://www.pannapark.com,https://en.wikipedia.org/wiki/Panna_National_Park,Khajuraho Railway Station (25 km),Panna Bus Stand (5 km from main gate),No metro available,Khajuraho Airport (27 km),"October 15 - June 30; Morning: 6:00 AM - 10:00 AM, Evening: 3:00 PM - 6:00 PM","₹1,500 (Indian), ₹3,200 (Foreign) including vehicle",November to April (dry season),Safari vehicles only inside park,Forest guides mandatory,Available at gates; free,"Forest lodges, local guesthouses","Tiger reserve, famous diamond mines, Ken River, gharial conservation"
Sailana Palace,Ratlam,Madhya Pradesh,Heritage Palace / Luxury Resort,https://www.sailanapalace.com,https://en.wikipedia.org/wiki/Sailana,Ratlam Junction (35 km),Sailana Bus Stand (2 km),No metro available,"Devi Ahilyabai Holkar Airport, Indore (142 km)","24 hours (for guests), Day visits: 10:00 AM - 6:00 PM","Day visit ₹500, Heritage walk ₹300",October to March (pleasant weather),"Well-maintained roads, wheelchair accessible main areas",Palace heritage tours available; ₹400-600,Available; ₹20,"Luxury accommodation, restaurants, spa, gardens","19th-century royal palace, heritage property, vintage car collection"
Satpura National Park,Hoshangabad,Madhya Pradesh,Wildlife Sanctuary / Tiger Reserve / Adventure Tourism,https://www.satpura-national-park.com,https://en.wikipedia.org/wiki/Satpura_National_Park,Pipariya Railway Station (55 km),Pachmarhi Bus Stand (30 km from park),No metro available,Bhopal Airport (210 km),"October 15 - June 30; Morning: 6:00 AM - 10:30 AM, Evening: 3:00 PM - 6:30 PM","₹1,800 (Indian), ₹4,500 (Foreign) including jeep safari","November to April (dry season, better wildlife viewing)","4WD safari vehicles, boat safaris available, walking safaris permitted",Forest naturalist guides mandatory,Available at Madhai gate; free,"Jungle lodges, eco-camps, forest rest houses","Only park in India allowing walking safaris, boat safaris on Denwa River, leopard sightings"
Raisen Fort,Raisen,Madhya Pradesh,Historical Monument / Hill Fort,Not documented,https://en.wikipedia.org/wiki/Raisen_Fort,Bhopal Junction (45 km),Raisen Bus Stand (8 km),No metro available,Bhopal Airport (50 km),Sunrise to Sunset,Free,October to March (cool weather for climbing),"Steep climb required, moderate trekking difficulty, not wheelchair accessible",Local guides available; ₹300-500,Available at base; ₹10,"Basic tea stalls, local shops","Medieval fort, panoramic views, historical significance during Mughal period"
Chanderi,Ashoknagar,Madhya Pradesh,Historical Town / Handloom Center / Archaeological Site,https://www.mptourism.com/web/guest/chanderi,https://en.wikipedia.org/wiki/Chanderi,Lalitpur Railway Station (37 km),Chanderi Bus Stand (city center),No metro available,Gwalior Airport (235 km),"Fort & monuments: Sunrise to Sunset, Weaving centers: 9:00 AM - 6:00 PM","Free for most sites, Museum ₹20",October to March (pleasant weather),"Well-connected roads, some monuments require walking",Available; ₹400-700 per day,Available at main sites; ₹15,"Heritage hotels, handloom shops, restaurants","Famous Chanderi sarees, medieval architecture, Bundela & Malwa heritage"
Burhanpur,Burhanpur,Madhya Pradesh,Historical Town / Mughal Heritage,https://www.mptourism.com/web/guest/burhanpur,https://en.wikipedia.org/wiki/Burhanpur,Burhanpur Railway Station (3 km),Burhanpur Bus Stand (2 km),No metro available,Aurangabad Airport (105 km),Monuments: 6:00 AM - 6:00 PM,"₹25 (Indian), ₹300 (Foreign) for ASI monuments",October to March (pleasant weather),"Well-maintained roads, wheelchair accessible main sites",Available; ₹300-500,Available; ₹20,"Hotels, restaurants, local bazaars","Mughal heritage, Shah Jahan's connection, Shahi Qila, underground water system"
Tikamgarh Fort,Tikamgarh,Madhya Pradesh,Historical Monument / Fort,Not documented,https://en.wikipedia.org/wiki/Tikamgarh,Tikamgarh Railway Station (8 km),Tikamgarh Bus Stand (5 km),No metro available,Gwalior Airport (165 km),Sunrise to Sunset,Free,October to March (pleasant weather),"Some steep paths, moderate walking required",Local guides available; ₹200-400,Available; ₹10,"Local hotels, restaurants, shops","Bundela architecture, historical significance, panoramic views"
Narsinghgarh Wildlife Sanctuary,Rajgarh,Madhya Pradesh,Wildlife Sanctuary / Bird Watching,Not documented,Not documented,Bhopal Junction (135 km),Narsinghgarh Bus Stand (15 km),No metro available,Bhopal Airport (140 km),6:00 AM - 6:00 PM (October to June),"₹50 (Indian), ₹200 (Foreign)","November to April (migratory birds, pleasant weather)","Safari roads, walking trails available",Forest guides available; ₹300-500,Available at entry; ₹15,"Forest rest house, basic facilities","Bird watching paradise, leopard sightings, Narsinghgarh Palace nearby"
Bandhavgarh Fort (Ancient),Umaria,Madhya Pradesh,Historical Monument / Ancient Fort / Archaeological Site,Not documented,https://en.wikipedia.org/wiki/Bandhavgarh_Fort,Umaria Railway Station (35 km),Tala Village (inside national park),No metro available,Jabalpur Airport (197 km),Only with park safari timings (requires park entry),"Park entry required - ₹1,800 (Indian), ₹4,340 (Foreign)",October to April (park open season),Only accessible via park safari vehicles,Combined with wildlife safari,Park entry gates only,"Park facilities, jungle lodges","Ancient fort inside national park, 2000+ year old caves, Lord Vishnu statue"
Fossil National Park,Mandla,Madhya Pradesh,National Park / Geological Site / Educational Tourism,Not documented,https://en.wikipedia.org/wiki/Ghughua_Fossil_Park,Jabalpur Junction (90 km),Ghughua Village (2 km),No metro available,Jabalpur Airport (95 km),7:00 AM - 6:00 PM,"₹30 (Indian), ₹150 (Foreign)",October to March (pleasant weather for exploration),"Walking trails, interpretation center accessible",Geological guides available; ₹400-600,Available; ₹20,"Interpretation center, basic facilities, guest house","Plant fossils 40-150 million years old, geological significance, educational programs"
Rewa Palace & White Tigers,Rewa,Madhya Pradesh,Heritage Palace / Wildlife Conservation,Not documented,https://en.wikipedia.org/wiki/Rewa_State,Rewa Railway Station (5 km),Rewa Bus Stand (3 km),No metro available,Khajuraho Airport (210 km),"Palace: 10:00 AM - 5:00 PM, White Tiger Safari: 9:00 AM - 4:00 PM","Palace ₹50, White Tiger Safari ₹100",October to March (pleasant weather),"Well-connected roads, wheelchair accessible main areas",Available; ₹300-500,Available; ₹20,"Hotels, restaurants, museums","Birthplace of white tigers, royal heritage, Govindgarh Palace, wildlife conservation"
Ken Gharial Sanctuary,Panna,Madhya Pradesh,Wildlife Sanctuary / Reptile Conservation,Not documented,https://en.wikipedia.org/wiki/Ken_River,Khajuraho Railway Station (45 km),Panna Bus Stand (25 km),No metro available,Khajuraho Airport (47 km),6:00 AM - 6:00 PM (October to June),"₹100 (Indian), ₹500 (Foreign)","November to April (dry season, better sightings)","Boat rides on Ken River, limited walking",Forest guides and boat operators available; ₹300-500,Available at entry points; ₹15,"Basic facilities, forest guest house","Gharial conservation project, boat safaris, Ken River ecosystem, vulture conservation"
Mandla Fort & Town,Mandla,Madhya Pradesh,Historical Monument / Gond Heritage,Not documented,https://en.wikipedia.org/wiki/Mandla,Jabalpur Junction (95 km),Mandla Bus Stand (city center),No metro available,Jabalpur Airport (100 km),Fort: Sunrise to Sunset,Free,October to March (pleasant weather),"Well-connected roads, some walking in fort area",Local guides available; ₹200-400,Available; ₹15,"Local hotels, restaurants, tribal craft shops","Gond dynasty capital, tribal heritage, Narmada River confluence, historical significance"
Chachai Falls,Rewa,Madhya Pradesh,Waterfall / Natural Wonder,Not documented,https://en.wikipedia.org/wiki/Chachai_Falls,Rewa Railway Station (46 km),Rewa Bus Stand (48 km),No metro available,Khajuraho Airport (256 km),24 hours (best during daylight),Free,"July to October (monsoon and post-monsoon, maximum flow)","1.5 km trek from road, moderate difficulty",Local guides available; ₹200-300,Limited roadside parking; free,"Basic tea stalls, limited facilities","130 meters high waterfall, one of highest in MP, Bihad River, scenic beauty"
Purwa Falls,Rewa,Madhya Pradesh,Waterfall / Natural Wonder,Not documented,Not documented,Rewa Railway Station (55 km),Rewa Bus Stand (57 km),No metro available,Khajuraho Airport (265 km),24 hours (best during daylight),Free,July to October (monsoon season),"2 km trek through forest, moderate to difficult",Local tribal guides recommended; ₹300-400,Limited; free,"Very basic facilities, carry own supplies","70 meters high, pristine natural setting, less crowded, tribal area"
Keoti Falls,Rewa,Madhya Pradesh,Waterfall / Natural Wonder,Not documented,Not documented,Rewa Railway Station (24 km),Rewa Bus Stand (26 km),No metro available,Khajuraho Airport (234 km),24 hours (best during daylight),Free,July to October (monsoon and post-monsoon),"500m walk from road, easy to moderate",Local guides available; ₹200-300,Available near approach road; free,"Small tea shops, basic facilities","98 meters high, Mahana River, natural pool for swimming, picnic spot"
Bharhut Stupa,Satna,Madhya Pradesh,Archaeological Site / Buddhist Heritage,Not documented,https://en.wikipedia.org/wiki/Bharhut,Satna Railway Station (120 km),Local buses from Satna,No metro available,Khajuraho Airport (200 km),Sunrise to Sunset,Free,October to March (pleasant weather),"Village roads, walking required to site",Local guides available; ₹200-400,Limited village parking; free,Very basic village facilities,"2nd century BCE Buddhist stupa, archaeological significance, sculptural remains"
Bateshwar Temples,Morena,Madhya Pradesh,Temple Complex / Archaeological Site,Not documented,"https://en.wikipedia.org/wiki/Bateshwar,_Madhya_Pradesh",Morena Railway Station (35 km),Morena Bus Stand (37 km),No metro available,Gwalior Airport (78 km),Sunrise to Sunset,Free,"October to March (pleasant weather), October for festival","Well-connected roads, some walking between temples",Local guides available; ₹300-500,Available; ₹15,"Dharamshalas, local restaurants, shops","200+ ancient temples, 8th-10th century architecture, annual cattle fair in October"
Morena (Padavali & Mitaoli),Morena,Madhya Pradesh,Archaeological Site / Temple Complex,Not documented,https://en.wikipedia.org/wiki/Mitaoli,Morena Railway Station (40 km to Mitaoli),Morena Bus Stand (42 km to Mitaoli),No metro available,Gwalior Airport (85 km),Sunrise to Sunset,Free,October to March (pleasant weather),"Rural roads, some walking required",Local guides available; ₹300-500,Limited; free,Basic village facilities,"Circular Chausath Yogini temple, inspiration for Indian Parliament design, 11th century"
Sheopur Safari Park,Sheopur,Madhya Pradesh,Wildlife Park / Safari,Not documented,Not documented,Morena Railway Station (75 km),Sheopur Bus Stand (15 km),No metro available,Gwalior Airport (145 km),6:00 AM - 6:00 PM (October to June),"₹50 (Indian), ₹200 (Foreign), Vehicle charges extra",November to April (dry season),"Safari roads, 4WD recommended",Forest guides available; ₹200-400,Available at entry; ₹20,"Forest rest house, basic facilities","Lesser-known wildlife area, bird watching, peaceful environment"
Ratapani Wildlife Sanctuary,Raisen,Madhya Pradesh,Wildlife Sanctuary / Proposed Tiger Reserve,Not documented,https://en.wikipedia.org/wiki/Ratapani_Wildlife_Sanctuary,Bhopal Junction (45 km),Obedullaganj (25 km),No metro available,Bhopal Airport (50 km),6:00 AM - 6:00 PM (October to June),"₹50 (Indian), ₹200 (Foreign)",November to April (dry season),"Forest roads, guided tours only",Forest department guides mandatory; ₹400-600,Available at forest check posts; free,"Forest rest houses, basic facilities","Proposed tiger reserve, leopard population, rich biodiversity, near Bhimbetka"
Singrampur Waterfall,Damoh,Madhya Pradesh,Waterfall / Natural Wonder,Not documented,Not documented,Damoh Railway Station (78 km),Local buses from Damoh,No metro available,Jabalpur Airport (155 km),24 hours (best during daylight),Free,July to October (monsoon season),"3 km trek from nearest village, moderate difficulty",Local tribal guides recommended; ₹300-400,Village parking; free,Very basic village facilities,"Multi-tiered waterfall, pristine location, less visited, tribal area"
Jatashankar Cave Temple,Hoshangabad,Madhya Pradesh,Cave Temple / Religious Site,Not documented,Not documented,Pipariya Railway Station (47 km),Pachmarhi Bus Stand (1.5 km),No metro available,Bhopal Airport (195 km),5:00 AM - 8:00 PM,Free,October to June (avoid monsoons),"30-minute walk from Pachmarhi, easy trek",Local guides available; ₹200-300,Pachmarhi parking; ₹10,Pachmarhi facilities nearby,"Natural Shiva Linga, limestone cave, part of Pachmarhi circuit, sacred site"
Gandhi Sagar Wildlife Sanctuary,Mandsaur,Madhya Pradesh,Wildlife Sanctuary / Dam Area,Not documented,https://en.wikipedia.org/wiki/Gandhi_Sagar_Wildlife_Sanctuary,Kota Junction (155 km),Mandsaur Bus Stand (65 km),No metro available,Udaipur Airport (175 km),6:00 AM - 6:00 PM (October to June),"₹50 (Indian), ₹200 (Foreign)","November to April (migratory birds, pleasant weather)","Boat safaris on dam, jeep safaris available",Forest guides available; ₹300-500,Available at sanctuary gate; ₹20,"Forest guest house, basic facilities","Chambal River ecosystem, mugger crocodiles, gharials, migratory birds, dam area"
Bhojtal (Upper Lake),Bhopal,Madhya Pradesh,Lake / Boating / Urban Tourism,https://www.mptourism.com/web/guest/bhopal,https://en.wikipedia.org/wiki/Upper_Lake,Bhopal Junction (8 km),Nadra Bus Stand (6 km),No metro available,Bhopal Airport (20 km),"6:00 AM - 10:00 PM, Boating: 9:00 AM - 6:00 PM","Park free, Boating ₹100-300 per person depending on type","October to March (pleasant weather), monsoon for greenery","Well-connected roads, wheelchair accessible areas, boat boarding assistance available",City tours include the lake; ₹400-600,Multiple parking areas; ₹20-30,"Restaurants, cafes, gardens, Van Vihar National Park adjacent","Largest artificial lake in Asia, water sports, Shaukat Mahal view, sunset point, adjacent to Van Vihar"
