Name,Type,Official Website,Wikipedia,Nearest Railway Station,Nearest Bus Stand,Nearest Metro Station,Nearest Airport,Timings,Entry Fee,Best Time to Visit,Accessibility,Guided Tours,Parking,Nearby Amenities,Special Notes
"Jagannath Temple, Puri",Temple,https://www.jagannath.nic.in,"https://en.wikipedia.org/wiki/Jagannath_Temple,_Puri",Puri Junction (Approx. 1 km),Puri Bus Stand (Approx. 2 km),No metro available,"Biju Patnaik International Airport, Bhubaneswar (Approx. 60 km)",5:00 AM – 12:00 PM; 5:00 PM – 9:00 PM,₹50 (for non-resident Indians); ₹100 (for foreign nationals),June–July (Rath Yatra festival),Accessible by road; wheelchair-friendly,Available in multiple languages,Available; ₹20–₹50,"Numerous eateries, shops, and accommodations",One of the Char Dham pilgrimage sites; hosts the world-famous Rath Yatra
"Konark Sun Temple, Konark",Historical Monument,https://konark.nic.in,https://en.wikipedia.org/wiki/Konark_Sun_Temple,Konark Railway Station (Approx. 2 km),Konark Bus Stand (Approx. 3 km),No metro available,"Biju Patnaik International Airport, Bhubaneswar (Approx. 65 km)",6:00 AM – 8:00 PM,₹40 (Indians); ₹600 (foreign nationals),October–March (pleasant weather),Accessible by road; some areas may be challenging for wheelchair users,Available in multiple languages,Available; ₹30–₹50,"Restaurants, restrooms, and souvenir shops",UNESCO World Heritage Site; renowned for its chariot-shaped architecture
"Chilika Lake, Khurda",Wetland / Eco-Tourism Destination,https://chilika.com,https://en.wikipedia.org/wiki/Chilika_Lake,Balugaon Railway Station (Approx. 10 km),Balugaon Bus Stand (Approx. 12 km),No metro available,"Biju Patnaik International Airport, Bhubaneswar (Approx. 100 km)",6:00 AM – 6:00 PM,₹20–₹50 (boat rides extra),November–February (bird watching season),Accessible by road; some boat rides may not be wheelchair-friendly,Available; bird watching guides are popular,Available; ₹20–₹50,"Local eateries, boat services, and restrooms",Asia's largest brackish water lagoon; a hotspot for migratory birds
"Simlipal National Park, Mayurbhanj",Wildlife Sanctuary / National Park,https://simlipal.org,https://en.wikipedia.org/wiki/Simlipal_National_Park,Baripada Railway Station (Approx. 30 km),Baripada Bus Stand (Approx. 35 km),No metro available,"Netaji Subhas Chandra Bose International Airport, Kolkata (Approx. 250 km)",6:00 AM – 9:00 AM; 3:00 PM – 6:00 PM,₹50–₹100 (vehicle and guide charges extra),November–June (avoid monsoon season),Accessible by road; some areas may require trekking,Available; forest guides provided,Available; ₹50–₹100,Basic accommodations and eateries in Baripada,Known for its tiger and elephant populations; part of the Mayurbhanj Elephant Reserve
"Nandankanan Zoological Park, Bhubaneswar",Zoo / Botanical Garden,https://www.nandankanan.org,https://en.wikipedia.org/wiki/Nandankanan_Zoological_Park,Bhubaneswar Railway Station (Approx. 17 km),Bhubaneswar Bus Stand (Approx. 15 km),No metro available,"Biju Patnaik International Airport, Bhubaneswar (Approx. 20 km)",7:30 AM – 5:30 PM,₹20–₹50; Safari and boating extra,October–March (pleasant weather),Wheelchair-friendly; accessible by road,Available; audio guides and safari guides,Available; ₹20–₹50,"Restaurants, restrooms, and souvenir shops",Houses the rare white tiger; part of the Kanjia Lake ecosystem
"Daringbadi, Kandhamal",Hill Station,Not documented,https://en.wikipedia.org/wiki/Daringbadi,Berhampur Railway Station (Approx. 100 km),Daringbadi Bus Stand (Approx. 1 km),No metro available,"Biju Patnaik International Airport, Bhubaneswar (Approx. 250 km)",Open year-round,Not documented,October–March (cool climate),Accessible by road; some areas may require trekking,Not documented,Available; charges may apply,Basic accommodations and local eateries,"Known as the ""Kashmir of Odisha""; famous for its coffee plantations"
"Chandipur Beach, Balasore",Beach,Not documented,https://en.wikipedia.org/wiki/Chandipur,Balasore Railway Station (Approx. 16 km),Balasore Bus Stand (Approx. 15 km),No metro available,"Netaji Subhas Chandra Bose International Airport, Kolkata (Approx. 200 km)",Open year-round,Not documented,November–March (pleasant weather),Accessible by road; some areas may be challenging for wheelchair users,Not documented,Available; charges may apply,Limited accommodations and local eateries,"Known for its unique ""vanishing sea"" phenomenon during low tide"
"Lingaraja Temple, Bhubaneswar",Temple,Not documented,https://en.wikipedia.org/wiki/Lingaraja_Temple,Bhubaneswar Railway Station (Approx. 6 km),Bhubaneswar Bus Stand (Approx. 5 km),No metro available,"Biju Patnaik International Airport, Bhubaneswar (Approx. 7 km)",5:00 AM – 9:00 PM,₹10–₹20,February–March (Mahashivaratri festival),Accessible by road; some areas may be challenging for wheelchair users,Available in multiple languages,Available; ₹20–₹50,"Restaurants, restrooms, and souvenir shops",One of the oldest temples in Bhubaneswar; showcases Kalinga architecture
"Bhitarkanika National Park, Kendrapara",Wildlife Sanctuary / Eco-Tourism Destination,https://www.odishatourism.gov.in/content/tourism/en/discover/attractions/forest-wildlife/bhitarkanika-nature-camps.html,https://en.wikipedia.org/wiki/Bhitarkanika_National_Park,Kendrapara Railway Station (Approx. 48 km); Cuttack Junction Railway Station (Approx. 107 km),Kendrapara Bus Stand (Approx. 50 km),No metro available,"Biju Patnaik International Airport, Bhubaneswar (Approx. 130 km)",6:00 AM – 10:00 AM & 2:00 PM – 6:00 PM,₹20 per person; ₹10 per person for groups of 10 or more; ₹10 per student,October–March (winter season; optimal for wildlife sightings),Accessible by road; boat rides required for interior areas; some areas may not be wheelchair-friendly,Available; forest guides provided for boat safaris,Available; charges may apply,Basic accommodations and eateries in nearby towns,Known for its saltwater crocodile population; part of Odisha's crocodile conservation efforts
"Udayagiri and Khandagiri Caves, Bhubaneswar",Historical Monument / Cave Complex,Not documented,https://en.wikipedia.org/wiki/Udayagiri_and_Khandagiri_Caves,Bhubaneswar Railway Station (Approx. 8 km),Bhubaneswar Bus Stand (Approx. 7 km),No metro available,"Biju Patnaik International Airport, Bhubaneswar (Approx. 10 km)",6:00 AM – 6:00 PM,₹25–₹50,October–March (pleasant weather),Accessible by road; some areas may be challenging for wheelchair users; involves moderate climbing,Available; local guides offer historical and architectural explanations in multiple languages,Available; ₹20–₹50,"Small eateries, local souvenir shops, restrooms",Famous for Jain and Buddhist rock-cut caves; intricate carvings and inscriptions; popular for history and architecture enthusiasts
"Raghurajpur Artist Village, Puri",Cultural / Heritage Village,Not documented,https://en.wikipedia.org/wiki/Raghurajpur,Puri Junction (Approx. 14 km),Puri Bus Stand (Approx. 15 km),No metro available,"Biju Patnaik International Airport, Bhubaneswar (Approx. 60 km)",9:00 AM – 6:00 PM,Not documented,October–March (pleasant weather and festival season),Accessible by road; village paths may be uneven,Available; local artists often guide and demonstrate Pattachitra painting,Available near village entrance,"Local craft shops, eateries, and small guesthouses",Famous for Pattachitra paintings and traditional crafts; immersive cultural experience
"Hirakud Dam, Sambalpur",Dam / Scenic Spot,https://www.daminfo.com/hirakud-dam,https://en.wikipedia.org/wiki/Hirakud_Dam,Sambalpur Junction (Approx. 15 km),Sambalpur Bus Stand (Approx. 16 km),No metro available,"Veer Surendra Sai Airport, Jharsuguda (Approx. 90 km)",6:00 AM – 6:00 PM,Not documented,October–March (cool weather; water level scenic),Accessible by road; wheelchairs usable on main paths,Available; local guides provide dam history and sightseeing info,Available; ₹20–₹50,"Cafes, viewpoint areas, and small shops",One of the world’s longest earthen dams; popular for photography and sunset views
"Harishankar Falls & Temple, Balangir",Waterfall / Temple,Not documented,https://en.wikipedia.org/wiki/Harishankar_Falls,Kantabanji Railway Station (Approx. 25 km),Kantabanji Bus Stand (Approx. 25 km),No metro available,"Veer Surendra Sai Airport, Jharsuguda (Approx. 110 km)",Open year-round,Not documented,June–October (monsoon season enhances waterfall flow),Moderate trekking required to reach falls; not fully wheelchair-friendly,Available locally,Available; small charges,"Local eateries, restrooms, and small shops",Scenic waterfall with a historic temple nearby; blend of nature and spirituality
"Chandaneswar Shiva Temple, Balasore",Temple,Not documented,https://en.wikipedia.org/wiki/Chandaneswar,Balasore Railway Station (Approx. 25 km),Balasore Bus Stand (Approx. 26 km),No metro available,"Biju Patnaik International Airport, Bhubaneswar (Approx. 200 km)",6:00 AM – 8:00 PM,Free,February–March (Maha Shivaratri festival attracts thousands),Accessible by road; temple complex is flat and walkable,Not documented,Available; nominal charges,"Local eateries, shops, and restrooms",Famous pilgrimage site dedicated to Lord Shiva; hosts an annual fair during Maha Shivaratri
