Place,Type,District,Official Website,Wikipedia,Nearest Railway Station,Nearest Bus Stand,Nearest Metro Station,Nearest Airport,Timings,Entry Fee,Best Time to Visit,Accessibility,Guided Tours,Parking,Nearby Amenities,Special Notes
Gangtok,City / Hill-station / Urban attractions,East Sikkim,gangtokdistrict.nic.in,Not a single page for all attractions; individual pages exist,New Jalpaiguri (NJP) — ~116–129 km,Gangtok Central Bus Stand (Tadong / Deorali),No metro available,Pakyong Airport (~31–35 km) OR Bagdogra Airport (IXB) — ~122–125 km,"Individual sites vary (e.g., MG Marg open all day; monasteries 7:00–17:00)",Usually free for public areas; small donations/fees for some monasteries (₹0–₹50),Mar–Jun & Sep–Nov,Paved roads to most city attractions; wheelchair access variable,"Widely available (local guides, city walking tours)",Public parking areas available near main hotels / markets,"Restaurants, cafés, hotels, souvenir shops, ATMs, medical shops",Main base for East & North Sikkim trips; MG Marg is pedestrianized social hub
Tsomgo / Changu Lake,High-altitude glacial lake / Eco-tourism destination,Gangtok (East Sikkim),Incredible India / Sikkim tourism pages,https://en.wikipedia.org/wiki/Lake_Tsomgo,New Jalpaiguri (NJP) — ~120–140 km (road) via Gangtok,Gangtok bus stands — ~38 km by road from Gangtok city center,No metro available,Bagdogra (IXB) / Pakyong,Day visits typical (daylight hours); seasonal access,Tourist permit / vehicle charges apply; yak rides cost extra,Mar–Jun & Sep–Nov,Good motorable road from Gangtok; short walks; high altitude,Local guided day tours from Gangtok widely available,Small parking area near site; charges vary,"Small stalls, local tea shops on route; major amenities in Gangtok",Sacred for locals; military-controlled area near border; permits and closures can apply
Nathu La Pass,Mountain pass / historical / border visit (high-altitude),East Sikkim (India–China border),Government / restricted-tour pages,Noted on multiple pages / travel guides,New Jalpaiguri (NJP) — ~176–180 km (road) to Nathu La via Gangtok,Gangtok bus stands — ~54–60 km from Gangtok,No metro available,Bagdogra Airport (IXB) — ~178–180 km,Visits controlled and allowed only on specific days and times,Special permit required for Indian nationals; permit fees / vehicle charges vary,Apr–Jun & Sep–Oct,High-altitude road; permits mandatory; medical fitness recommended; not wheelchair accessible,Only through authorized tour operators / vehicle movement regulated,Regulated parking at controlled entry points,Minimal near the pass; full services available in Gangtok,Border pass to Tibet (China); stringent permit & security checks; subject to sudden closure
Rumtek Monastery,Buddhist monastery / cultural & religious site,near Gangtok (East Sikkim),Rumtek info on Sikkim tourism pages,https://en.wikipedia.org/wiki/Rumtek_Monastery,New Jalpaiguri (NJP) — ~120–130 km to Gangtok,Gangtok bus stands (~20–30 min from city center),No metro available,Bagdogra (IXB) ~122–125 km to Gangtok,06:00–18:00 (varies),Small nominal fees/donations (₹10–₹50),Mar–Jun & Sep–Nov,Good motorable approach; steps in monastery complex; limited wheelchair access,Local guides and monastery caretakers can explain history,Onsite / nearby parking available; small charges possible,"Tea stalls, small shops; full amenities in Gangtok",One of Sikkim’s largest and most important monasteries (Karma Kagyu)
Pelling,Hill-station / Historical monuments / Lakes / Monasteries / Bridges,West Sikkim,Sikkim Tourism: Pelling pages,"Individual pages for Pemayangtse, Khecheopalri, etc.",New Jalpaiguri (NJP) — ~150–160 km by road to Pelling,Gyalshing / Pelling local bus stands,No metro available,Bagdogra (IXB) ~150–170 km,Monasteries open daytime; specific hours not documented uniformly,Small fees for some heritage sites/ruins; local conservation rules apply,Oct–May for clear Kanchenjunga views,Good motorable roads to Pelling; some trails/walks to lakes & ruins,Local guides available for heritage and nature walks,Public parking in town; parking near major monasteries/attractions,"Guesthouses, restaurants, cafes, souvenir shops",Major base for Kanchenjunga views; Rabdentse ruins are an important historical site
Yumthang Valley,Alpine valley / Valley of Flowers / Eco-tourism destination,Lachung (North Sikkim),Sikkim Tourism / Lachung pages,Yumthang Valley — travel pages,"New Jalpaiguri (NJP) — ~125–140 km to Gangtok, then onward",Lachung bus stand / ticketing point,No metro available,Bagdogra (IXB) — then road to Gangtok and onward,Day visits common; seasonal closures depending on snowfall,Permit required for North Sikkim (ILP) and vehicle charges,Apr–Jun (flower bloom); Oct–Dec for snow views,Mountain roads; some stretches may be rough; not recommended for wheelchairs,Local tour operators arrange day tours from Gangtok,Limited near Yumthang; parking at designated points,Small guesthouses in Lachung; more amenities in Gangtok,“Valley of Flowers” nickname; Zero Point (Yumesamdong) requires additional permits
Gurudongmar Lake,High-altitude glacial lake / Sacred lake,Lachen (North Sikkim),Sikkim tourism / regional guides,Gurudongmar Lake pages & travel guides,New Jalpaiguri (NJP) — long road journey (200+ km) via Gangtok → Lachen,Lachen village (base) — then 3–4 hr drive to lake,No metro available,Bagdogra Airport (IXB),Early morning visits recommended for clear views; access is seasonal,Permit required (North Sikkim ILP) and vehicle charges,Apr–Jun & Sep–Oct,"High-altitude, steep roads; only for acclimatized visitors; not feasible for wheelchairs",Licensed local operators provide guided day trips from Lachen,Parking at Lachen and designated spots en route,Basic guesthouses at Lachen; medical precautions critical,Sacred to multiple faiths; extreme altitude; carry altitude-sickness precautions
Zuluk & Old Silk Route,Scenic high-altitude road/village / Heritage route,East / East–North Sikkim corridor,Regional tourism pages / blogs,Zuluk (page exists) / Old Silk Route references,New Jalpaiguri (NJP),Local village stops; main access via Gangtok / Rongli,No metro available,Bagdogra (IXB),Road-based sightseeing — daytime visits recommended; seasonal closures,No standard entry fee; travel permits / vehicle charges may apply,Mar–Jun & Sep–Nov,"High mountain roads, steep gradients; not wheelchair accessible",Local drivers and guides familiar with Silk Route history available,Limited at viewpoints; informal parking,Very limited — basic village shops/tea stalls,Scenic historic trade route with dramatic switchbacks; popular with photographers and motorcycle tours
Yuksom — Dubdi Monastery & Norbugang Chorten,Historical / Pilgrimage site (first capital of Sikkim),West Sikkim,Sikkim tourism / West district pages,Yuksom / Dubdi Monastery pages,New Jalpaiguri (NJP) — ~140–170 km,Yuksom local stop / Gyalshing nearby,No metro available,Bagdogra (IXB),Monastery visiting hours generally daytime,Usually free / donations for monasteries; heritage conservation fees may apply,Mar–Jun & Sep–Nov (treks & mountain views),Roads to Yuksom are motorable; some heritage sites have steps / short trails,Local guides for heritage circuit and treks to Goecha La,Available in town; small local charges possible,"Lodges, tea-houses, basic restaurants; trekking outfitters",First capital of Sikkim; start point for many Kanchenjunga treks
Tashiding Monastery,Religious (Nyingma Buddhist monastery) / Pilgrimage & festival site,Tashiding / Yuksom area (West Sikkim),District / Sikkim STDC pages,https://en.wikipedia.org/wiki/Tashiding_Monastery,New Jalpaiguri (NJP) — 150+ km,Tashiding / Gyalshing local bus points,No metro available,Bagdogra (IXB),Open for visitors typically during daytime; Bhumchu festival on specific dates,Generally no fixed fee; donations welcome,Mar–Jun & Sep–Nov; festival season (Bhumchu) is culturally important,Hilltop monastery — some uphill steps; limited wheelchair access,Local guides available; heritage-culture tours common,Small parking nearby in village,Small eateries in nearby towns; best services in Pelling / Gyalshing,Very sacred monastery for Sikkim — considered spiritual “navel” of the region; Bhumchu festival is a major event
"Ravangla (Ralong / Buddha Park, Ralang Monastery)",Hill station / Monastic site / Park,South Sikkim,Sikkim Tourism (Ravangla pages),Ravangla / Ralang Monastery pages,New Jalpaiguri (NJP) — ~130–170 km,Ravangla local bus point,No metro available,Bagdogra (IXB) — road to Ravangla (~4–5 hours),Buddha Park & monasteries open during daytime,Usually free/donation for religious sites; park may have small entry fee,Mar–Jun & Sep–Nov,Good motorable roads to Ravangla; some temple steps and short trails; limited wheelchair access,Local guides and cultural tours available,Public parking at major viewpoints/parks,"Hotels, guesthouses, cafes, small shops",Ralang Monastery known for festivals; Buddha Park has a prominent large Buddha statue and views
Maenam Wildlife Sanctuary & Barsey Rhododendron Sanctuary,Wildlife sanctuary / biodiversity hotspot,West / South-West Sikkim,Sikkim forest / tourism pages,Maenam Wildlife Sanctuary / Barsey Rhododendron Sanctuary (entries/mentions exist),New Jalpaiguri (NJP) — then road to nearest towns,Nearby local town / park entry points,No metro available,Bagdogra (IXB),Daylight hours; trekking permits may be required,Park permits / entry fees may apply for treks,Mar–May (rhododendron bloom),Jungle/trekking trails of moderate difficulty; not suitable for wheelchairs,Local naturalist guides often available via eco-tour operators,Designated parking at trailheads,Basic local accommodation / homestays,Important birdlife and rhododendron conservation areas; seasonal floral spectacles
Khangchendzonga National Park,National park / Biosphere / High-altitude trek & eco-tour,North & West Sikkim,UNESCO & official park pages,https://en.wikipedia.org/wiki/Khangchendzonga_National_Park,New Jalpaiguri (NJP) / access via Gangtok / Yuksom,Local village bus/taxi hubs (Yuksom / Chungthang),No metro available,Bagdogra (IXB),Protected area — visiting hours regulated; permits required for treks,Trekking / camping permits and forest / park fees apply,Mar–Jun & Sep–Oct,Trekking routes range from moderate to very difficult; not wheelchair accessible,Mandatory licensed guides/liaison officers for many treks,At trailheads / villages,"Trekking lodges, camps, limited services in base villages","UNESCO Mixed (natural + cultural) heritage site; home to red panda, snow leopard habitat"
Singshore Bridge & Rimbi Waterfalls,Scenic bridge / Waterfall / Photo-point,"Pelling area, West Sikkim",Sikkim Tourism Pelling pages,Singshore Bridge (mentions in travel guides),New Jalpaiguri (NJP) — Pelling approx. 140–160 km by road,Pelling / Gyalshing local bus points,No metro available,Bagdogra (IXB),Daytime visits; bridges/points accessible during daylight,No major entry fee; local conservation / parking charges may apply,Oct–May for clear views,Good motorable access near viewpoints but some short walks/steps; not wheelchair-friendly,Local drivers/guides arrange stops en route from Pelling,Local parking near viewpoint; small informal charges,Small eateries and tea stalls; accommodation in Pelling,One of India’s highest bridges and a popular photography location
Temi Tea Garden,Tea garden / Scenic agricultural attraction,Namchi (South Sikkim),Sikkim Tourism / Namchi tourism pages,Temi Tea Garden pages / mentions,New Jalpaiguri (NJP) — road to Namchi (~160–180 km),Namchi bus stand / nearby stops,No metro available,Bagdogra (IXB) — road to Namchi (~135 km),Daytime visiting for gardens and factory visits,Usually none for general garden access; factory tour fees if arranged,Year-round; spring and autumn most pleasant,Well-laid plantation roads & viewpoints; moderate walking; wheelchair access limited,Tea garden visits and guided tasting sessions sometimes available,Onsite parking at garden viewpoints,"Resorts, restaurants in Namchi; tea-stalls/gift shops",Sikkim’s only large tea estate — scenic terraces and local tea produce are highlights
Darap Village,Cultural village / Eco-tourism / Homestays,near Pelling / Gyalshing,Regional tourism / village pages,Darap village mentioned in travel guides,NJP — onward road to Darap/Pelling,Darap local stop / Pelling bus points,No metro available,Bagdogra (IXB),Day visits; homestays operate year-round,No standard entry fee; homestays / eco-trek permits may have small charges,Mar–Jun & Sep–Nov,Village trails are short-moderate; some uphill walking; limited wheelchair access,Village homestay hosts & local guides can arrange cultural walks,Small parking at entry to village; charges minimal,"Homestays, small eateries, basic shops","Good for cultural homestays, indigenous lifestyle experience and short nature walks"
Chopta Valley,High-altitude valley / Scenic meadows,near Lachen / North Sikkim,Sikkim tourism / local guides,Mentioned in travel resources for Lachen/Gurudongmar circuits,New Jalpaiguri (NJP) — then road via Gangtok to Lachen and Chopta Valley,Lachen village / local stops,No metro available,Bagdogra (IXB),Day visits; road/weather dependent,Permits required for North Sikkim; small fees may apply,Apr–Jun & Sep–Oct,High-altitude roads; steep sections; not wheelchair-friendly,Local operators provide guided excursions,Designated parking near base villages,Limited guesthouses & tea stalls at Lachen,Scenic high-altitude grassland area visited en route to Gurudongmar
Khecheopalri Lake,Sacred lake / Eco spot / Pilgrimage,near Pelling / West Sikkim,Sikkim tourism / Pelling pages,https://en.wikipedia.org/wiki/Khecheopalri_Lake,New Jalpaiguri (NJP) — then road to Pelling / Khecheopalri,Pelling / local stops,No metro available,Bagdogra (IXB),Daylight hours; lake is a protected sacred site,No major entry fee; local conservation guidelines apply,Oct–May,Short walking trails to lake; steps/trails exist; not wheelchair-friendly,Local guides and temple caretakers explain sacred significance,Parking at trailhead / Pelling,Small tea stalls and homestays in Pelling,Considered sacred; wish-fulfilling lake for Buddhists & Hindus; follow local conservation etiquette
