Place,Location,Type,Official Website,Wikipedia,Nearest Railway Station,Nearest Bus Stand,Nearest Metro Station,Nearest Airport,Timings,Entry Fee,Best Time to Visit,Accessibility,Guided Tours,Parking,Nearby Amenities,Special Notes
Victoria Memorial,Kolkata (West Bengal),Historical Monument / Museum / Park,https://kolkatacitytour.com/victoria-memorial-kolkata/,https://en.wikipedia.org/wiki/Victoria_Memorial,Kolkata (Sealdah) / Howrah Junction (approx. 7–10 km to site depending on station).,Esplanade / Eden Gardens bus stops (approx. 1–3 km).,Maidan Metro Station (approx. 0.5–1 km).,Netaji Subhash Chandra Bose International Airport (approx. 18–22 km).,Typically open during daytime; specific galleries & timings vary — Not documented (standard museum hours often ~10:00–17:00; check official before visit).,Not documented (museum ticketing varies by gallery & concessions).,October–March (pleasant weather; ideal for outdoor garden strolls and evening light & sound shows).,Urban roads to site; paved paths and ramps in public areas but check specific gallery accessibility for wheelchairs.,Guided tours and audio guides often available; city guides offer structured tours.,On-site/nearby parking in Kolkata; charges Not documented.,"Cafes, restaurants, hotels (Park Street area), restrooms, souvenir shops.",Iconic British-era monument with large surrounding gardens and evening light & sound shows; central Kolkata cultural landmark.
Howrah Bridge (Rabindra Setu),Kolkata (West Bengal),Landmark / Engineering Monument / Riverfront Attraction,Not applicable (city infrastructure).,https://en.wikipedia.org/wiki/Howrah_Bridge,"Howrah Junction (adjacent, ~0–1 km).",Howrah Bus Stand / Esplanade buses via ferry (approx. 1–3 km).,Howrah Maidan / Esplanade access via Kolkata metro network (approx. 2–3 km).,Netaji Subhash Chandra Bose International Airport (approx. 20–25 km).,Public road bridge — open 24 hours.,Free (road crossing).,October–March (pleasant weather; good for riverfront walks and sunset photography).,Road access; pedestrian pathways present though crowded; wheelchair access on approach roads but crowded footpaths may limit comfort.,Not applicable; city walking/photography tours include the bridge.,Nearby parking in Howrah/Kolkata; charges Not documented.,"Ferry ghats, food stalls, Kolkata waterfront promenades, hotels.",One of Kolkata’s most recognized symbols — dramatic views of the Hooghly River and the Kolkata waterfront.
Dakshineswar Kali Temple,"Dakshineswar, North 24 Parganas (West Bengal)",Religious Temple / Pilgrimage Site,Not official — temple trust pages & tourism portals cover it.,https://en.wikipedia.org/wiki/Dakshineswar_Kali_Temple,Dakshineswar railway station / Belgharia (approx. 1–4 km).,"Dakshineswar Bus Stop (close by, <1 km).",No direct metro to the immediate ghat (Kolkata Metro via Dum Dum / Phoolbagan requires road transfer) — local transit available.,Netaji Subhash Chandra Bose International Airport (approx. 18–25 km).,Temple darshan timings vary (early morning to late evening); exact hours: Not documented.,Free for darshan; specific offerings/donations possible — Not documented.,"Oct–Mar (festivals, pleasant weather); Kali Puja/Dussehra draw big crowds.",Well-connected by road and ferry; steps to ghats and temple areas — partial wheelchair access limited by crowds and steps.,Priests/temple guides and local guides available; many heritage walks include Dakshineswar.,Local parking near temple complex; charges Not documented.,"Ghats, ferry services to Belur Math, eateries, stalls, restrooms.",Prominent 19th-century Kali temple associated with mystic Ramakrishna; busy pilgrimage site with cultural & spiritual significance.
Indian Museum,Kolkata (West Bengal),Museum / Natural History & Archaeology,https://indianmuseumkolkata.org/,"https://en.wikipedia.org/wiki/Indian_Museum,_Kolkata",Sealdah (approx. 2–4 km) / Howrah via road (longer).,Museum Bus Stop / Esplanade (approx. 0–2 km).,Esplanade / Park Street (approx. 1–2 km).,Netaji Subhash Chandra Bose International Airport (approx. 20–25 km).,Not documented here (museum typical hours ~10:30–17:00; check official for current timings).,Not documented (museum fees vary by category).,Oct–Mar (comfortable city touring weather).,Urban location; some old-building constraints for full wheelchair access — check museum for current facilities.,Guided tours and docent services may be available—school/group tours common.,Nearby city parking; charges Not documented.,"Park Street eateries, hotels, cafes, restrooms.","One of India’s oldest and largest museums with archaeology, anthropology, meteorology, and numismatics collections."
Sundarbans National Park / Tiger Reserve,South 24 Parganas (West Bengal),Wildlife Sanctuary / Mangrove Forest / Biosphere Reserve,https://sunderbantigerreserve.org/,https://en.wikipedia.org/wiki/Sundarbans,Canning Railway Station (approx. 40–50 km to entry points like Godkhali/Najirgaon depending on route).,Kolkata bus routes to Godkhali / Sonakhali / Namkhana (distances vary by entry point).,No metro available to the Sundarbans; reach Kolkata and then road/rail to gateway towns.,"Netaji Subhash Chandra Bose International Airport, Kolkata (approx. 80–110 km depending on launch point).",Boat safaris/day trips typically run during daylight; park/safari timings and boat schedules seasonal — check official tour operators.,"Not documented (park permits, guide/boat charges, and eco-tour fees applicable — vary by operator).",September–March (post-monsoon to winter — safer and best for wildlife & boat safaris).,Only accessible by boat/launch inside the mangroves; reachability depends on tide & weather; not wheelchair friendly in interior zones; forest department-managed zones have restricted access.,Guided/jungle cruises by authorized operators; West Bengal Tourism organizes guided tours from Kolkata; forest department permit & guide required for core zones.,Park at gateway ghats/launch points (Godkhali/Hasnabad/Namkhana); parking at gateway towns — charges Not documented.,"Eco-tourism lodges, guest houses near launch points; limited amenities inside; basic provisions at entry towns.","World’s largest mangrove ecosystem and UNESCO biosphere (Sundarbans Tiger Reserve); home of Royal Bengal tiger, estuarine crocodiles, migratory birds; travel is tide/weather dependent and regulated."
"Darjeeling (Tiger Hill, Batasia Loop, Darjeeling Himalayan Railway)",Darjeeling District (West Bengal),Hill Station / Scenic Viewpoints / Heritage Railway / Tea Estates,https://darjeeling-tourism.com/,https://en.wikipedia.org/wiki/Darjeeling,New Jalpaiguri (NJP) for long-distance trains (approx. 65–75 km to Darjeeling by road); Darjeeling has the narrow gauge Darjeeling Himalayan Railway (toy train) linking NJP / Siliguri region via Ghum.,Darjeeling Bus Stand (local / regional buses from Siliguri/NJP).,No metro (nearest urban rail at Siliguri/NJP region).,Bagdogra Airport (IXB) near Siliguri (approx. 70–80 km by road to Darjeeling).,Tiger Hill sunrise visits early morning; Batasia Loop generally open 06:00–17:00; many attractions open daylight hours — check local sources.,Batasia Loop small entry fee (~₹20 reported by local sources); other sites vary.,March–May and Oct–Nov (spring/clear skies & autumn for views of Kanchenjunga); winter offers views but cold.,Mountain roads; steep terrain; good road connectivity from Siliguri; narrow gauge toy train available (subject to weather & service). Wheelchair access limited in many spots; some gardens/parks have paved paths.,"Local guides, tea garden tours, heritage railway rides, trekking guides for nearby trails.",City/stand parking available; charges Not documented.,"Tea estates, cafes, hotels, viewpoints, museums (Himalayan Mountaineering Institute & Tibetology).","Famous for panoramic views of the Himalaya (Kanchenjunga), colonial charm, tea plantations, and the UNESCO-listed Darjeeling Himalayan Railway (toy train)."
Sandakphu & Phalut (Singalila Ridge trekking),Darjeeling & Kalimpong region (West Bengal),Trekking / High-altitude Viewpoints / Adventure Tourism,Local trekking operator pages; Darjeeling tourism pages.,https://en.wikipedia.org/wiki/Sandakphu,New Jalpaiguri (NJP) / Siliguri (approx. 70–90 km depending on trailhead).,Manebhanjan (trek start) via shared jeeps from Siliguri/NJP.,No metro available.,Bagdogra Airport (approx. 80–100 km to trailheads).,Trekking season windows; trails accessible March–May & Oct–Nov primarily; monsoon months risky.,Not documented (trek permits / guide/porter charges applicable for organized treks).,March–May & Oct–Nov (clear mountain views & favorable trekking weather).,"High-altitude trekking with steep trails, uneven terrain — not wheelchair friendly; medium to hard difficulty depending on route.",Local guides and porters widely available; permits and local guide support recommended.,Parking at Manebhanjan / trailhead villages; charges Not documented.,"Basic guesthouses in Manebhanjan, trekking huts at lower camps, tea houses on route.","Best panoramic Himalayan sunrise/sunset views including Everest, Kanchenjunga, Lhotse, Makalu on clear days; top trek in eastern India."
Shantiniketan (Visva-Bharati / Rabindra Bhavana),"Bolpur, Birbhum (West Bengal)",Cultural / University Town / Arts & Heritage / Festival Venue,https://www.visvabharati.ac.in/,https://en.wikipedia.org/wiki/Shantiniketan,Bolpur Shantiniketan Railway Station (approx. 1–3 km).,Bolpur Bus Stand (city; close by).,No metro available.,Netaji Subhash Chandra Bose International Airport (approx. 150–180 km by road) / nearest domestic airports in Kolkata.,Institutions on academic schedule; tourist spots & museums timing: Not documented.,Not documented (some museums / Rabindra Bhavan may have fees).,November–February (pleasant weather and major festivals like Poush Mela in December).,Road & rail access good; heritage campus with walking areas — partial wheelchair access recommended to check per site.,Cultural walks and local guides available; many art & craft demonstrations and workshops.,Local parking in Bolpur; charges Not documented.,"Guesthouses, local eateries, craft shops, cultural events.","Founded by Rabindranath Tagore; center for arts, music, and Poush Mela/Visva-Bharati cultural festivals; UNESCO-recognised intangible cultural heritage (Bengal’s Durga Puja) relevance in region."
Bishnupur (Terracotta Temples & Mallabhum),Bankura (West Bengal),Historical / Temple Architecture / Terracotta Art Heritage,Bankura / West Bengal tourism pages.,"https://en.wikipedia.org/wiki/Bishnupur,_Bankura",Bishnupur Railway Station (approx. 1–3 km).,Bishnupur Bus Stand (city).,No metro available.,"Netaji Subhash Chandra Bose International Airport, Kolkata (approx. 150–170 km).",Temples open during daylight; museum/offices timings: Not documented.,Not documented (some sites/museums may have entry fees).,October–March (comfortable weather; festivals like Gajan/Bishnupur Utsav).,Road access; historic temple complexes have steps & narrow courtyards — limited wheelchair access.,Local guides and heritage walks organized by district tourism.,City parking close to major temple complexes; charges Not documented.,"Handicraft shops (Baluchari sarees), eateries, guesthouses.","Famous for exquisite terracotta temples (Rasmancha, Jor Bangla temples), classical music (Bishnupur Gharana) and weaving tradition."
Hazarduari Palace & Murshidabad heritage,Murshidabad (West Bengal),Palace / Museum / Historical City (Nawabi heritage),Murshidabad heritage pages / ASI / district tourism pages.,https://en.wikipedia.org/wiki/Hazarduari_Palace,Murshidabad Railway Station / Berhampore Court (approx. few km).,Murshidabad / Berhampore bus stands (approx. few km).,No metro available.,Netaji Subhash Chandra Bose International Airport (Kolkata) (approx. 200–240 km) / local airstrips limited.,Museum & palace opening hours: Not documented (typical daylight hours; verify locally).,Not documented (museum/palace entry fees may apply).,October–March (pleasant climate and festival times).,Road access from Kolkata; sites spread across historical town — mixed levels of accessibility; uneven surfaces in old quarter.,"Local guides, heritage walks and river cruises available (Hindi/English).",City/nearby parking in Berhampore; charges Not documented.,"Hotels, eateries, river ghats, souvenir shops.","Former seat of Nawabs of Bengal with rich history, palaces, mosques, and the famous Hazarduari Palace museum (thousand doors)."
Digha (Seaside Beach),Purba Medinipur (West Bengal),Beach / Coastal Resort Town,West Bengal tourism pages covering Digha.,https://en.wikipedia.org/wiki/Digha,Digha Railway Station (approx. 1–5 km depending on area).,Digha Bus Stand (city).,No metro available.,"Netaji Subhash Chandra Bose International Airport, Kolkata (approx. 180–200 km by road).",Beach open 24 hours (specific attractions/beachfront facilities follow daylight schedules).,Free (beach access). Specific amusement park/ride fees: Not documented.,October–February (pleasant coastal weather; avoid pre-monsoon storms).,Coastal roads; promenades & steps; wheelchair access limited depending on beach stretch.,Local beach activities & boat rides; local guides for nearby fishing villages.,Beachfront parking available; charges Not documented.,"Resorts, hotels, seafood restaurants, stalls, restrooms.",Popular weekend beach destination from Kolkata; new sea-walks and family attractions; must check tide/weather for water activities.
Mandarmani (Seaside Resort),East Medinipur (West Bengal),Beach / Resort Destination / Water Sports,West Bengal tourism pages & local resort sites.,https://en.wikipedia.org/wiki/Mandarmani,Digha / Contai region stations (approx. 35–60 km depending on route) — exact nearest: Not documented.,Local bus stops & private coach drops (distance varies).,No metro available.,Netaji Subhash Chandra Bose International Airport (approx. 180–220 km).,Beach open (daylight activities); resort & ride timings: Not documented.,Free (beach); water sports/resort charges vary — Not documented.,October–March (pleasant beach weather).,Coastal road access; long driveable beach stretches in some zones; wheel access limited on sand.,"Local operators provide water sports, fishing tours, and village visits.",Resort parking available; public parking Not documented.,"Resorts, beach shacks, restaurants, restrooms.",Emerging long sandy beach popular with weekenders and water-sports enthusiasts; less crowded than some mainstream beaches.
Jaldapara National Park (Rhino Reserve),Alipurduar / Cooch Behar region (West Bengal),Wildlife Sanctuary / National Park / Rhino Reserve,West Bengal Forest / Jaldapara pages (state forest dept).,https://en.wikipedia.org/wiki/Jaldapara_National_Park,New Mal Junction / Hasimara (approx. 20–40 km depending on entry).,Alipurduar / Cooch Behar bus stands (distances vary).,No metro available.,Bagdogra Airport (approx. 140–170 km depending on route).,Park & safari timings seasonal — Not documented (park gates open during daylight; jeep/elephant safaris scheduled early morning/late afternoon).,"Not documented (safari charges, entry fees & guide charges vary; book via forest dept).",November–April (dry season for wildlife sightings).,Road access via NH/SH; internal safari tracks; limited wheelchair access on uneven safari trails.,Forest department-trained guides and authorized safari operators available.,Parking at park reception; charges Not documented.,"Forest lodges, eco-resorts, basic eateries in gateway towns.",Important one-horned rhino and elephant habitat; wildlife safaris and birdwatching are key draws.
Gorumara National Park,Malbazar (Jalpaiguri) (West Bengal),Wildlife Sanctuary / Elephant & Bison Habitat,West Bengal Forest / Gorumara pages.,https://en.wikipedia.org/wiki/Gorumara_National_Park,New Mal Junction / Bagdogra region stations (distance varies; Not documented precisely).,Malbazar / Lataguri bus stops.,No metro available.,Bagdogra Airport (approx. 80–120 km depending on gateway town).,Park timings & safari schedules: Not documented (book via forest dept).,Not documented (jeep/elephant safari fees vary).,"November–April (dry season, good for wildlife sightings).",Road access; safari tracks; limited wheelchair access in wild zones.,Forest department guides; wildlife lodges arrange guided tours.,Park parking near reception; charges Not documented.,"Eco-lodges, tea garden tours, eateries.","Known for Indian bison (gaur), elephant and birdlife; good for short wildlife safaris from Dooars region."
Cooch Behar Palace (Maharaja’s Palace),Cooch Behar (West Bengal),Palace / Heritage Monument / Museum,District tourism pages / state tourism.,https://en.wikipedia.org/wiki/Cooch_Behar_Palace,Cooch Behar Railway Station (approx. 2–5 km).,Cooch Behar Bus Stand (city).,No metro available.,Bagdogra Airport (approx. 120–150 km) / nearest regional airstrip: Not documented.,Palace visiting hours: Not documented.,Not documented (museum fees may apply).,October–March (pleasant weather for heritage sightseeing).,Urban roads; palace grounds paved; interior may have steps—check for wheelchair facilities.,Local guides and heritage walks available.,City parking near palace; charges Not documented.,"Hotels, eateries, shops selling local crafts.",Majestic royal palace influenced by European architecture; important princely-state heritage site.
Malda (Gour / Pandua / Adina Mosque / Bara Sona Masjid),Malda district (West Bengal),Historical / Archaeological Sites / Medieval Ruins,District tourism pages / ASI pages.,https://en.wikipedia.org/wiki/Gaur,Malda Town Railway Station / Old Malda (approx. few km).,Malda Bus Stand (city).,No metro available.,Netaji Subhash Chandra Bose International Airport (approx. 300+ km) — nearest regional airports limited.,Daylight visiting hours for archaeological sites; specific museum hours: Not documented.,Not documented (ASI site fees may apply).,October–March (comfortable climate for exploring ruins).,Road access via NH/NH linkages; ruins may have uneven surfaces & steps; limited wheelchair access.,Local guides and ASI-led information at major ruins.,Local parking near sites; charges Not documented.,Hotels and eateries in Malda town; local markets.,"Historic medieval capital with ruins of mosques, palaces and archaeological significance (Gour/Adina Mosque)."
Neora Valley National Park (Kalimpong region),Darjeeling / Kalimpong (West Bengal),Wildlife / Biodiversity Hotspot / Trekking & Birding,State forest / park pages.,https://en.wikipedia.org/wiki/Neora_Valley_National_Park,New Jalpaiguri / Siliguri (road onward; approx. 80–120 km depending on approach).,Algarah / Kalimpong / Gorubathan bus points (distances vary).,No metro available.,Bagdogra Airport (approx. 90–120 km to park gates).,Park/trek windows seasonal — Not documented (monsoon closure possible).,Not documented (permits/guide charges may apply).,Oct–May (post-monsoon clear skies; birding season).,Dense forest & trekking routes; uneven terrain; not wheelchair friendly.,Local trekking guides and forest guides available.,Limited near trailheads; Not documented.,Basic lodges in Kalimpong/nearby villages; tea houses on approach.,Biodiversity hotspot with rare flora/fauna; important for birdwatchers and nature trekkers.
Buxa Tiger Reserve & Buxa Fort,Alipurduar (West Bengal),Wildlife Sanctuary / Tiger Reserve / Historical Fort,West Bengal forest / Buxa pages.,https://en.wikipedia.org/wiki/Buxa_Tiger_Reserve,New Jaigaon / Alipurduar (approx. 10–30 km depending on entry).,Local bus stands in Alipurduar region.,No metro available.,Bagdogra Airport (approx. 140–180 km depending on route).,Park/safari timings seasonal — Not documented.,Not documented (safari/permit fees vary).,November–April (dry season for wildlife & trekking around fort).,Forest roads & trails; moderate trekking to the fort; not wheelchair friendly.,Forest guides and local trekking guides available.,Local parking at entry points; charges Not documented.,"Forest rest houses, basic tourist lodges.","Famous for wildlife, birding, and the historic Buxa Fort (WWII / colonial era significance) — great for combined history + nature trips."
Joychandi Pahar,Purulia (West Bengal),Hill / Scenic Viewpoint / Rock Climbing / Hiking,https://purulia.gov.in/tourist-places/,https://en.wikipedia.org/wiki/Joychandi_Pahar,Joychandipahar Railway Station (approx. 1-2 km).,Raghunathpur Bus Stand (approx. 4-6 km) / local buses from Purulia town.,No metro available.,"Netaji Subhash Chandra Bose International Airport, Kolkata (approx. 280-320 km depending on route).",Daylight hours (sunrise to sunset) typically; exact opening/closing times: Not documented.,Free (no formal fee known for hill access).,"October to February (pleasant weather, clearer views; avoid heavy monsoon when paths slippery).",Via road from Purulia / Raghunathpur; trekking/hiking required for hilltop; rocky terrain; not wheelchair-friendly for summit section.,Local guides available; sometimes festival events like Joychandi Pahar Utsav attract organized groups.,Local parking in foothill town (Raghunathpur / near base); charges Not documented.,"Local shops, restaurants in Raghunathpur / Purulia; guesthouses; restrooms in town base.",One of the most accessible hills for rock climbing near Purulia; scenic during sunrise/sunset; cultural festival around New Year; filming location for movies.
Pakhi Pahar,"Charida / Baghmundi, Purulia (West Bengal)",Hill / Outdoor Art / Nature / Cultural Tourism,https://purulia.gov.in/tourist-places/,https://en.wikipedia.org/wiki/Pakhi_Pahar,Purulia Railway Station (approx. 50-km).,Baghmundi / Charida bus stands (local road transport from Purulia town; approx. 10-15 km).,No metro available.,"Netaji Subhash Chandra Bose International Airport, Kolkata (approx. 300-320 km by road).",Daylight hours; no formal site hours documented for rock park & hilltop.,No formal fee documented.,October-March (post-monsoon clarity; avoid monsoon & slippery rock faces).,Road till Charida; last stretch uphill/rocky; trekking/hiking required; not wheelchair-friendly.,Some local guides in Charida; artisan workshops (mask making) are part of visits.,Local/basic parking near Charida village; charges Not known.,Villages with shops; workshops for Chhau mask artisans; small eateries; guest stays in nearby Purulia / Baghmundi.,"Known as “Bird Hill” due to rock murals of birds; combines nature, art, and tribal culture; connected to mask-making (Purulia Chhau) in Charida."
Muradih Dam & Boronti / Muradi Dam & Boranti,Purulia (West Bengal),Dam / Reservoir / Scenic Picnic Spot / Natural Beauty,https://purulia.gov.in/tourist-places/,Not a separate entry; dam-reservoir not fully documented on Wikipedia (No dedicated page) → so: Not documented.,Nearest major station: Purulia Railway Station (approx. 30-40 km depending on road).,Purulia Bus Stand (city) plus vans / buses to the dam area; approx. 15-25 km from town.,No metro available.,"Netaji Subhash Chandra Bose International Airport, Kolkata (approx. 280-320 km).",Daylight hours; not a formally gated tourist park with fixed opening/closing times → Not documented.,None documented for general access.,October-February (cooler seasons; water levels good) / post-monsoon.,Road to dam via local roads; roads may be rough in monsoon; arrival possible via personal vehicle; not fully wheelchair friendly near reservoir bank.,Not documented; local fishing / rural tourism guides maybe.,Basic parking possible near the dam/reservoir; charges Not documented.,"Village shops, basic eateries; possibility of picnic usage; lodging in Purulia town.",Scenic water body set among hillocks; less crowded; good for nature lovers & peaceful retreat; ideal for photographers and birdwatchers.
